[
{
    "model": "recipe.drive",
    "pk": 1,
    "fields": {
        "name": "Carrefour Drive Toulon Mayol",
        "image": "drive/Carrefour.png",
        "address": "Rue du Murier - Centre Commercial Mayol, 83000 Toulon",
        "created_date": "2021-01-12T22:22:36.011Z"
    }
},
{
    "model": "recipe.drive",
    "pk": 2,
    "fields": {
        "name": "Drive Intermarché Toulon",
        "image": "drive/Intermache.png",
        "address": "77 Rue d'Octave Teissier, 83000 Toulon",
        "created_date": "2021-01-12T22:22:36.011Z"
    }
},
{
    "model": "recipe.drive",
    "pk": 3,
    "fields": {
        "name": "Casino Drive Toulon Siblas",
        "image": "drive/Casino.png",
        "address": "484, Avenue de Siblas, 83000 Toulon",
        "created_date": "2021-01-12T22:22:36.011Z"
    }
},
{
    "model": "recipe.drive",
    "pk": 4,
    "fields": {
        "name": "Courses U Drive Pierrefeu Du Var",
        "image": "drive/U_drive.png",
        "address": "Avenue Frédéric Mistral - Lieu-dit Le Logis, 83390 Pierrefeu-du-Var",
        "created_date": "2021-01-12T22:22:36.011Z"
    }
},
{
    "model": "recipe.drive",
    "pk": 5,
    "fields": {
        "name": "Auchan Drive La Seyne",
        "image": "drive/Auchan.png",
        "address": "851 Boulevard de l'Europe, 83500 La Seyne-sur-Mer",
        "created_date": "2021-01-12T22:22:36.011Z"
    }
},
{
    "model": "recipe.drive",
    "pk": 6,
    "fields": {
        "name": "E. Leclerc Drive Toulon Le piéton",
        "image": "drive/E_Leclerc.png",
        "address": "404, Avenue François Cuzin, 83000 Toulon",
        "created_date": "2021-01-12T22:22:36.011Z"
    }
},
{
    "model": "recipe.drive",
    "pk": 7,
    "fields": {
        "name": "Chronodrive La Garde",
        "image": "drive/Chronodrive.png",
        "address": "Avenue Robespierre - ZAC de la Pauline, 83130 La Garde",
        "created_date": "2021-01-12T22:22:36.011Z"
    }
},
{
    "model": "recipe.categorie",
    "pk": 1,
    "fields": {
        "name": "Boucherie"
    }
},
{
    "model": "recipe.categorie",
    "pk": 2,
    "fields": {
        "name": "Poissonnerie"
    }
},
{
    "model": "recipe.categorie",
    "pk": 3,
    "fields": {
        "name": "Volaillerie"
    }
},
{
    "model": "recipe.categorie",
    "pk": 4,
    "fields": {
        "name": "Fruits"
    }
},
{
    "model": "recipe.categorie",
    "pk": 5,
    "fields": {
        "name": "Légumes"
    }
},
{
    "model": "recipe.categorie",
    "pk": 6,
    "fields": {
        "name": "Beurre"
    }
},
{
    "model": "recipe.categorie",
    "pk": 7,
    "fields": {
        "name": "Oeufs"
    }
},
{
    "model": "recipe.categorie",
    "pk": 8,
    "fields": {
        "name": "Crèmerie"
    }
},
{
    "model": "recipe.categorie",
    "pk": 9,
    "fields": {
        "name": "Fromagerie"
    }
},
{
    "model": "recipe.categorie",
    "pk": 10,
    "fields": {
        "name": "Epices"
    }
},
{
    "model": "recipe.ingredient",
    "pk": 1,
    "fields": {
        "name": "Pavé de Saumon",
        "image": "ingredient/1_Pavé_De_Saumon_100g.jpg",
        "categorie": 2,
        "created_date": "2021-01-12T22:22:36.379Z"
    }
},
{
    "model": "recipe.ingredient",
    "pk": 2,
    "fields": {
        "name": "Pomme de terre",
        "image": "ingredient/100g_De_Pomme_de_terre_GcMbB2R.jpg",
        "categorie": 5,
        "created_date": "2021-01-12T22:22:36.379Z"
    }
},
{
    "model": "recipe.ingredient",
    "pk": 3,
    "fields": {
        "name": "Choucroute crue",
        "image": "ingredient/200g_De_Choucroute_Crue.jpg",
        "categorie": 5,
        "created_date": "2021-01-12T22:22:36.379Z"
    }
},
{
    "model": "recipe.ingredient",
    "pk": 4,
    "fields": {
        "name": "Oignons",
        "image": "ingredient/Oignon.png",
        "categorie": 5,
        "created_date": "2021-01-12T22:22:36.379Z"
    }
},
{
    "model": "recipe.ingredient",
    "pk": 5,
    "fields": {
        "name": "Feuille de laurier",
        "image": "ingredient/1_Feuille_De_Laurier.jpg",
        "categorie": 5,
        "created_date": "2021-01-12T23:11:37.660Z"
    }
},
{
    "model": "recipe.ingredient",
    "pk": 6,
    "fields": {
        "name": "Sel",
        "image": "ingredient/sel-epsom.jpg",
        "categorie": 10,
        "created_date": "2021-01-12T23:13:10.681Z"
    }
},
{
    "model": "recipe.ingredient",
    "pk": 7,
    "fields": {
        "name": "Poivre",
        "image": "ingredient/poivre-noir.jpg",
        "categorie": 10,
        "created_date": "2021-01-12T23:13:28.153Z"
    }
},
{
    "model": "recipe.ingredient",
    "pk": 8,
    "fields": {
        "name": "Citron",
        "image": "ingredient/Citron.jpg",
        "categorie": 4,
        "created_date": "2021-01-12T23:14:01.473Z"
    }
},
{
    "model": "recipe.ingredient",
    "pk": 9,
    "fields": {
        "name": "Graines de Chia",
        "image": "ingredient/Graines_De_Chia.jpg",
        "categorie": 10,
        "created_date": "2021-01-12T23:14:35.057Z"
    }
},
{
    "model": "recipe.ingredient",
    "pk": 10,
    "fields": {
        "name": "10 oeufs",
        "image": "ingredient/10oeuf.jpg",
        "categorie": 7,
        "created_date": "2021-01-12T23:30:11.434Z"
    }
},
{
    "model": "recipe.ingredient",
    "pk": 11,
    "fields": {
        "name": "Gruyère râpé",
        "image": "ingredient/gruyère_râpé.jpg",
        "categorie": 9,
        "created_date": "2021-01-12T23:31:00.252Z"
    }
},
{
    "model": "recipe.ingredient",
    "pk": 12,
    "fields": {
        "name": "Huile d'olive",
        "image": "ingredient/huile_dolive.jpg",
        "categorie": 6,
        "created_date": "2021-01-13T00:35:55.294Z"
    }
},
{
    "model": "recipe.ingredient",
    "pk": 14,
    "fields": {
        "name": "Veau",
        "image": "ingredient/veau.webp",
        "categorie": 1,
        "created_date": "2021-01-17T10:53:06.412Z"
    }
},
{
    "model": "recipe.ingredient",
    "pk": 15,
    "fields": {
        "name": "Champignon",
        "image": "ingredient/champignon.webp",
        "categorie": 5,
        "created_date": "2021-01-17T10:57:25.936Z"
    }
},
{
    "model": "recipe.ingredient",
    "pk": 16,
    "fields": {
        "name": "Crème fraîche épaisse",
        "image": "ingredient/creme_fraiche_epaisse.webp",
        "categorie": 8,
        "created_date": "2021-01-17T10:58:35.070Z"
    }
},
{
    "model": "recipe.ingredient",
    "pk": 17,
    "fields": {
        "name": "Bouillon de volaille",
        "image": "ingredient/bouillon_de_volaille.webp",
        "categorie": 10,
        "created_date": "2021-01-17T10:59:08.886Z"
    }
},
{
    "model": "recipe.ingredient",
    "pk": 18,
    "fields": {
        "name": "Beurre",
        "image": "ingredient/beurre.webp",
        "categorie": 8,
        "created_date": "2021-01-17T11:06:31.948Z"
    }
},
{
    "model": "recipe.ingredient",
    "pk": 19,
    "fields": {
        "name": "Ail",
        "image": "ingredient/ail.webp",
        "categorie": 5,
        "created_date": "2021-01-17T11:06:46.487Z"
    }
},
{
    "model": "recipe.ingredient",
    "pk": 20,
    "fields": {
        "name": "Aubergine",
        "image": "ingredient/aubergine.webp",
        "categorie": 5,
        "created_date": "2021-01-17T11:07:02.168Z"
    }
},
{
    "model": "recipe.ingredient",
    "pk": 21,
    "fields": {
        "name": "Courgette",
        "image": "ingredient/courgette.webp",
        "categorie": 5,
        "created_date": "2021-01-17T11:07:13.732Z"
    }
},
{
    "model": "recipe.ingredient",
    "pk": 22,
    "fields": {
        "name": "Tomate",
        "image": "ingredient/tomate.webp",
        "categorie": 4,
        "created_date": "2021-01-17T11:07:33.806Z"
    }
},
{
    "model": "recipe.ingredient",
    "pk": 23,
    "fields": {
        "name": "Feta",
        "image": "ingredient/Feta.webp",
        "categorie": 9,
        "created_date": "2021-01-17T11:07:44.124Z"
    }
},
{
    "model": "recipe.ingredient",
    "pk": 24,
    "fields": {
        "name": "Yaourt grec",
        "image": "ingredient/yaourt_grec.webp",
        "categorie": 8,
        "created_date": "2021-01-17T11:07:57.086Z"
    }
},
{
    "model": "recipe.ingredient",
    "pk": 25,
    "fields": {
        "name": "Poivron rouge",
        "image": "ingredient/poivron_rouge.webp",
        "categorie": 5,
        "created_date": "2021-01-17T11:08:16.501Z"
    }
},
{
    "model": "recipe.ingredient",
    "pk": 26,
    "fields": {
        "name": "Pâte",
        "image": "ingredient/pâte.webp",
        "categorie": 10,
        "created_date": "2021-01-17T11:15:59.398Z"
    }
},
{
    "model": "recipe.ingredient",
    "pk": 27,
    "fields": {
        "name": "Thon",
        "image": "ingredient/thon.webp",
        "categorie": 2,
        "created_date": "2021-01-17T11:16:10.433Z"
    }
},
{
    "model": "recipe.ingredient",
    "pk": 28,
    "fields": {
        "name": "Moutarde",
        "image": "ingredient/moutarde.webp",
        "categorie": 10,
        "created_date": "2021-01-17T11:16:26.768Z"
    }
},
{
    "model": "recipe.ingredient",
    "pk": 29,
    "fields": {
        "name": "Gruyère rapé",
        "image": "ingredient/Gruyère_rapé.webp",
        "categorie": 9,
        "created_date": "2021-01-17T11:16:40.558Z"
    }
},
{
    "model": "recipe.ingredient",
    "pk": 30,
    "fields": {
        "name": "Farine",
        "image": "ingredient/farine.webp",
        "categorie": 10,
        "created_date": "2021-01-17T11:20:08.400Z"
    }
},
{
    "model": "recipe.ingredient",
    "pk": 31,
    "fields": {
        "name": "Lait",
        "image": "ingredient/lait.webp",
        "categorie": 8,
        "created_date": "2021-01-17T11:20:48.123Z"
    }
},
{
    "model": "recipe.ingredient",
    "pk": 32,
    "fields": {
        "name": "Muscade",
        "image": "ingredient/muscade.webp",
        "categorie": 10,
        "created_date": "2021-01-17T11:25:31.201Z"
    }
},
{
    "model": "recipe.ingredient",
    "pk": 33,
    "fields": {
        "name": "Pomme de terre",
        "image": "ingredient/pomme_de_terre.webp",
        "categorie": 5,
        "created_date": "2021-01-17T11:26:48.366Z"
    }
},
{
    "model": "recipe.ingredient",
    "pk": 34,
    "fields": {
        "name": "Harissa",
        "image": "ingredient/harissa.webp",
        "categorie": 10,
        "created_date": "2021-01-17T11:32:45.188Z"
    }
},
{
    "model": "recipe.ingredient",
    "pk": 35,
    "fields": {
        "name": "Sauce tomate",
        "image": "ingredient/sauce_tomate.webp",
        "categorie": 10,
        "created_date": "2021-01-17T11:33:15.553Z"
    }
},
{
    "model": "recipe.ingredient",
    "pk": 36,
    "fields": {
        "name": "Pois chiches",
        "image": "ingredient/pois_chiches.webp",
        "categorie": 10,
        "created_date": "2021-01-17T11:33:26.048Z"
    }
},
{
    "model": "recipe.ingredient",
    "pk": 37,
    "fields": {
        "name": "Navet",
        "image": "ingredient/navet.webp",
        "categorie": 5,
        "created_date": "2021-01-17T11:33:34.139Z"
    }
},
{
    "model": "recipe.ingredient",
    "pk": 38,
    "fields": {
        "name": "Carotte",
        "image": "ingredient/carottes.webp",
        "categorie": 5,
        "created_date": "2021-01-17T11:33:46.354Z"
    }
},
{
    "model": "recipe.ingredient",
    "pk": 39,
    "fields": {
        "name": "Semoule",
        "image": "ingredient/semoule.webp",
        "categorie": 10,
        "created_date": "2021-01-17T11:33:54.245Z"
    }
},
{
    "model": "recipe.ingredient",
    "pk": 40,
    "fields": {
        "name": "Oeuf",
        "image": "ingredient/oeuf.webp",
        "categorie": 7,
        "created_date": "2021-01-17T11:49:33.352Z"
    }
},
{
    "model": "recipe.ingredient",
    "pk": 41,
    "fields": {
        "name": "Café",
        "image": "ingredient/café.webp",
        "categorie": 10,
        "created_date": "2021-01-17T11:51:12.343Z"
    }
},
{
    "model": "recipe.ingredient",
    "pk": 42,
    "fields": {
        "name": "Biscuits à la cuillère",
        "image": "ingredient/biscuits_à_la_cuillère.webp",
        "categorie": 10,
        "created_date": "2021-01-17T11:51:22.112Z"
    }
},
{
    "model": "recipe.ingredient",
    "pk": 43,
    "fields": {
        "name": "Mascarpone",
        "image": "ingredient/mascarpone.webp",
        "categorie": 8,
        "created_date": "2021-01-17T11:51:32.857Z"
    }
},
{
    "model": "recipe.ingredient",
    "pk": 44,
    "fields": {
        "name": "Sucre vanillé",
        "image": "ingredient/sucre_vanillé.webp",
        "categorie": 10,
        "created_date": "2021-01-17T11:51:43.653Z"
    }
},
{
    "model": "recipe.ingredient",
    "pk": 45,
    "fields": {
        "name": "Sucre roux",
        "image": "ingredient/sucre_roux.webp",
        "categorie": 10,
        "created_date": "2021-01-17T11:51:50.664Z"
    }
},
{
    "model": "recipe.ingredient",
    "pk": 46,
    "fields": {
        "name": "Sucre",
        "image": "ingredient/Sucre.webp",
        "categorie": 10,
        "created_date": "2021-01-17T11:58:15.918Z"
    }
},
{
    "model": "recipe.ingredient",
    "pk": 47,
    "fields": {
        "name": "Nuoc Mam",
        "image": "ingredient/Nuoc_Mam.webp",
        "categorie": 10,
        "created_date": "2021-01-17T11:58:30.660Z"
    }
},
{
    "model": "recipe.ingredient",
    "pk": 48,
    "fields": {
        "name": "Cacahuète",
        "image": "ingredient/Cacahuètes.webp",
        "categorie": 4,
        "created_date": "2021-01-17T11:58:54.323Z"
    }
},
{
    "model": "recipe.ingredient",
    "pk": 49,
    "fields": {
        "name": "Piment",
        "image": "ingredient/Piment.webp",
        "categorie": 5,
        "created_date": "2021-01-17T11:59:05.045Z"
    }
},
{
    "model": "recipe.ingredient",
    "pk": 50,
    "fields": {
        "name": "Cébette",
        "image": "ingredient/Cébette.webp",
        "categorie": 5,
        "created_date": "2021-01-17T11:59:13.068Z"
    }
},
{
    "model": "recipe.ingredient",
    "pk": 51,
    "fields": {
        "name": "Céleri",
        "image": "ingredient/Céleri.webp",
        "categorie": 5,
        "created_date": "2021-01-17T11:59:22.589Z"
    }
},
{
    "model": "recipe.ingredient",
    "pk": 52,
    "fields": {
        "name": "Choux",
        "image": "ingredient/Choux_blanc.webp",
        "categorie": 5,
        "created_date": "2021-01-17T11:59:30.130Z"
    }
},
{
    "model": "recipe.drive_ingredient",
    "pk": 1,
    "fields": {
        "ingredient": 4,
        "drive": 1,
        "price": "2.30",
        "created_date": "2021-01-12T22:22:36.365Z"
    }
},
{
    "model": "recipe.drive_ingredient",
    "pk": 2,
    "fields": {
        "ingredient": 4,
        "drive": 2,
        "price": "2.50",
        "created_date": "2021-01-12T22:22:36.365Z"
    }
},
{
    "model": "recipe.drive_ingredient",
    "pk": 3,
    "fields": {
        "ingredient": 4,
        "drive": 6,
        "price": "4.50",
        "created_date": "2021-01-12T22:22:36.365Z"
    }
},
{
    "model": "recipe.recipe",
    "pk": 1,
    "fields": {
        "category": "Plats principaux",
        "level": "Intermédiaire",
        "name": "Choucroute de poisson",
        "portion": "1",
        "cooking_time": 40,
        "preparation": 15,
        "diet": "Protéiné",
        "origine": "Normandie, France",
        "kcal": 340,
        "proteins": 28,
        "lipids": 23,
        "glucids": 5,
        "is_feature": true,
        "steps": "<p>Rincez La Choucroute<br />\r\nEmincez L&#39;oignon&nbsp;<br />\r\nPrenez Une Cocotte , Ajoutez L&#39;oignon , La Choucroute La Feuille De Laurier&nbsp;Le Poivre&nbsp;<br />\r\n10cl D&#39;eau , 2cl De Vin Blanc ( En Option ) Puis Ajoutez Les Pdt<br />\r\nFaites Cuire 30 mn &agrave; Feu Doux En Remuant De Temps En Temps<br />\r\nEcartez La Choucroute Puis Disposez Le Pav&eacute; De Saumon Et Faites Cuire 5-6mn<br />\r\nDans Une Assiette Creuse Disposez En Premier De La Choucroute Puis Le Reste Des Aliments</p>",
        "recipe_photo": "recipe/choucroute-aux-trois-poissons.jpeg",
        "recipe_photo_1": "recipe/choucroute_au_poissons_leiser.jpg",
        "recipe_photo_2": "recipe/choucroute.jpeg",
        "recipe_photo_3": "recipe/choucroute-mer-poisson.jpg",
        "recipe_photo_4": "recipe/choucroute-de-poissons.jpeg",
        "created_date": "2021-01-13T00:25:20.822Z",
        "ingredients": [
            6,
            7,
            8,
            9,
            5,
            4,
            3,
            2,
            1
        ]
    }
},
{
    "model": "recipe.recipe",
    "pk": 2,
    "fields": {
        "category": "Entrées / Hors d'oeuvre",
        "level": "Facile",
        "name": "Omelette roulée au fromage",
        "portion": "4",
        "cooking_time": 15,
        "preparation": 5,
        "diet": "Hyperproteiné",
        "origine": "Nice,  France",
        "kcal": 340,
        "proteins": 28,
        "lipids": 23,
        "glucids": 5,
        "is_feature": false,
        "steps": "<p>Battez les &oelig;ufs avec du sel et du poivre dans un saladier.<br />\r\nDivisez la pr&eacute;paration dans 4 bols.<br />\r\nFaites chauffer de l&#39;huile d&#39;olive dans une po&ecirc;le.<br />\r\nMettez-y &agrave; cuire une omelette.<br />\r\nSaupoudrez de gruy&egrave;re et roulez-la.<br />\r\nRetirez de la po&ecirc;le et servez dans l&#39;assiette.<br />\r\nR&eacute;p&eacute;tez l&#39;op&eacute;ration pour les autres omelettes.<br />\r\nD&eacute;gustez de suite.</p>",
        "recipe_photo": "recipe/omelette-roulee-apéritive.jpg",
        "recipe_photo_1": "recipe/omelette-roulee-au-fromage-frais-et-jambon.jpeg",
        "recipe_photo_2": "recipe/om-5.jpg",
        "recipe_photo_3": "recipe/omelette-roulee-comte-fines-herbes.jpg",
        "recipe_photo_4": "recipe/OMELETTE-ROULÉE-AU-THON-ET-AU-FROMAGE.jpg",
        "created_date": "2021-01-13T00:37:28.413Z",
        "ingredients": [
            6,
            7,
            10,
            11,
            12
        ]
    }
},
{
    "model": "recipe.recipe",
    "pk": 3,
    "fields": {
        "category": "Plats principaux",
        "level": "Facile",
        "name": "Blanquette de veau",
        "portion": "4",
        "cooking_time": 60,
        "preparation": 10,
        "diet": "Protéiné",
        "origine": "France",
        "kcal": 140,
        "proteins": 10,
        "lipids": 15,
        "glucids": 5,
        "is_feature": true,
        "steps": "<ol>\r\n\t<li>Coupez la viande en morceaux.</li>\r\n\t<li>&Eacute;pluchez les l&eacute;gumes.</li>\r\n\t<li>Coupez les carottes en rondelles, les champignons et l&rsquo;oignon en quatre</li>\r\n\t<li>Dans le robot muni du m&eacute;langeur, mettez l&rsquo;oignon et l&rsquo;huile. Lancez le programme mijot&eacute; P1 &agrave; 130&deg;C pendant 3 minutes.</li>\r\n\t<li>Farinez la viande.</li>\r\n\t<li>Ajoutez la viande, le bouquet garni, les carottes, le c&eacute;leri branche et le bouillon. Salez et poivrez. Lancez le programme mijot&eacute; P2 &agrave; 100&deg;C pendant 30 minutes.</li>\r\n\t<li>Ajoutez les champignons; relancez le programme mijot&eacute; P2 pendant 45 minutes.</li>\r\n\t<li>Mettez la viande et les l&eacute;gumes dans un plat et recouvrez de sauce.<br />\r\n\t<br />\r\n\tServez imm&eacute;diatement.</li>\r\n</ol>",
        "recipe_photo": "recipe/blanquette_de_veau.png",
        "recipe_photo_1": "recipe/blanquette_de_veau_FQYoayu.png",
        "recipe_photo_2": "recipe/blanquette_de_veau_bDXXgig.png",
        "recipe_photo_3": "recipe/blanquette_de_veau_nxmTYmv.png",
        "recipe_photo_4": "recipe/blanquette_de_veau_uUzDg3N.png",
        "created_date": "2021-01-17T10:55:19.263Z",
        "ingredients": [
            6,
            7,
            5,
            4,
            12,
            14,
            15,
            16,
            17
        ]
    }
},
{
    "model": "recipe.recipe",
    "pk": 4,
    "fields": {
        "category": "Plats principaux",
        "level": "Facile",
        "name": "Moussaka végétarienne",
        "portion": "5",
        "cooking_time": 60,
        "preparation": 30,
        "diet": "Détox",
        "origine": "Turquie, Grèce",
        "kcal": 141,
        "proteins": 6,
        "lipids": 10,
        "glucids": 7,
        "is_feature": true,
        "steps": "<ol>\r\n\t<li>Couper les aubergines, sur la longueur, en tranches &eacute;paisses. Les faire d&eacute;gorger, avec du sel, pendant une heure.<br />\r\n\t&nbsp;</li>\r\n\t<li>Couper les courgettes, en tranches, pas trop fines. Couper les poivrons en lamelles. Les faire revenir dans une po&ecirc;le, avec de l&#39;huile d&#39;olive, jusqu&#39;&agrave; ce qu&#39;ils perdent leur croustillant.<br />\r\n\t&nbsp;</li>\r\n\t<li>Pendant ce temps, couper les oignons en rondelles, les faire revenir dans une po&ecirc;le avec de l&#39;huile d&#39;olive et l&#39;ail, &eacute;cras&eacute;.</li>\r\n\t<li>Rajouter les tomates en d&eacute;s, ainsi que le jus et laisser mijoter pendant une demi-heure, en rajoutant les assaisonnements d&eacute;sir&eacute;s.<br />\r\n\t&nbsp;</li>\r\n\t<li>Lorsque les aubergines sont pr&ecirc;tes, les passer &agrave; l&#39;eau et les &eacute;ponger.<br />\r\n\t&nbsp;</li>\r\n\t<li>Beurrer un grand plat allant au four. Mettre une rang&eacute;e d&#39;aubergines, une rang&eacute;e de courgettes, une rang&eacute;e de poivrons, une rang&eacute;e de tomates, avec le jus. Recouvrir de yaourt et de feta.<br />\r\n\t&nbsp;</li>\r\n\t<li>Recommencer: aubergines, courgettes, poivrons,tomates, yaourt et feta. Terminer avec une couche d&#39;aubergines. Recouvrir de mozzarella.<br />\r\n\t&nbsp;</li>\r\n\t<li>Pr&eacute;chauffer le four &agrave; 150&deg;C. Laisser cuire pendant une petite heure, ou jusqu&#39;&agrave; ce que le jus commence &agrave; bouillir dans le plat! Surveiller la cuisson &agrave; partir de 45 mn.<br />\r\n\t&nbsp;</li>\r\n\t<li>Servir bien chaud.</li>\r\n</ol>",
        "recipe_photo": "recipe/moussaka_vegetarienne.png",
        "recipe_photo_1": "recipe/moussaka2.jpg",
        "recipe_photo_2": "recipe/moussaka3.jpg",
        "recipe_photo_3": "recipe/moussaka_vegetarienne_gTjrF9v.png",
        "recipe_photo_4": "recipe/moussaka2_eHAppAJ.jpg",
        "created_date": "2021-01-17T11:12:14.770Z",
        "ingredients": [
            6,
            7,
            4,
            18,
            19,
            20,
            21,
            22,
            23,
            24,
            25
        ]
    }
},
{
    "model": "recipe.recipe",
    "pk": 5,
    "fields": {
        "category": "Entrées / Hors d'oeuvre",
        "level": "Très facile",
        "name": "Pâtes au thon",
        "portion": "2",
        "cooking_time": 15,
        "preparation": 10,
        "diet": "Dissocié",
        "origine": "Europe",
        "kcal": 210,
        "proteins": 12,
        "lipids": 5,
        "glucids": 31,
        "is_feature": true,
        "steps": "<ol>\r\n\t<li>Faire cuire les p&acirc;tes et les &eacute;goutter pendant que vous pr&eacute;parez la b&eacute;chamel.<br />\r\n\t&nbsp;</li>\r\n\t<li>Faire une b&eacute;chamel :<br />\r\n\t&nbsp;</li>\r\n\t<li>faire fondre le beurre dans une casserole sans qu&#39;il se colore. D&egrave;s qu&#39;il est fondu, ajouter la farine. Bien amalgamer le tout en remuant bien sur feu doux. Ajouter peu &agrave; peu le lait ti&egrave;de tout en continuant &agrave; m&eacute;langer. Quand le lait est incorpor&eacute;, laisser faire quelques &quot;bouillons&quot; pour faire cuire le m&eacute;lange. La sauce est pr&ecirc;te quand elle est homog&egrave;ne. Eteindre le feu. Saler, poivrer et ajouter la moutarde selon le go&ucirc;t. Ajouter ensuite le gruy&egrave;re r&acirc;p&eacute;.<br />\r\n\t&nbsp;</li>\r\n\t<li>Emietter le thon &eacute;goutt&eacute; dans la casserole et bien m&eacute;langer le tout. Ajouter ensuite les p&acirc;tes.</li>\r\n</ol>",
        "recipe_photo": "recipe/pates_au_thon.jpg",
        "recipe_photo_1": "recipe/pates_au_thon_4dDMTrB.jpg",
        "recipe_photo_2": "recipe/pates_au_thon_yFo37Ph.jpg",
        "recipe_photo_3": "recipe/pates_au_thon_8jFUzBO.jpg",
        "recipe_photo_4": "recipe/pates_au_thon_Wb9IWue.jpg",
        "created_date": "2021-01-17T11:20:53.191Z",
        "ingredients": [
            6,
            7,
            18,
            26,
            27,
            28,
            29,
            30,
            31
        ]
    }
},
{
    "model": "recipe.recipe",
    "pk": 6,
    "fields": {
        "category": "Plats principaux",
        "level": "Intermédiaire",
        "name": "Gratin Dauphinois",
        "portion": "4",
        "cooking_time": 40,
        "preparation": 30,
        "diet": "Protéiné",
        "origine": "France",
        "kcal": 269,
        "proteins": 4,
        "lipids": 7,
        "glucids": 12,
        "is_feature": true,
        "steps": "<ol>\r\n\t<li>Eplucher, laver et couper les pommes de terre en rondelles fines (NB : ne pas les laver APRES les avoir coup&eacute;es, car l&#39;amidon est n&eacute;cessaire &agrave; une consistance correcte).<br />\r\n\t&nbsp;</li>\r\n\t<li>Hacher l&#39;ail tr&egrave;s finement.<br />\r\n\t&nbsp;</li>\r\n\t<li>Porter &agrave; &eacute;bullition dans une casserole le lait, l&#39;ail, le sel, le poivre et la muscade puis y plonger les pommes de terre et laisser cuire 10 &agrave; 15 min, selon leur fermet&eacute;.<br />\r\n\t&nbsp;</li>\r\n\t<li>Pr&eacute;chauffer le four &agrave; 180&deg;C (thermostat 6) et beurrer un plat &agrave; gratin.<br />\r\n\t&nbsp;</li>\r\n\t<li>Placer les pommes de terre &eacute;goutt&eacute;es dans le plat. Les recouvrir de cr&egrave;me, puis disposer des petites noix de beurre sur le dessus.<br />\r\n\t&nbsp;</li>\r\n\t<li>Enfourner pour 50 min &agrave; 1 heure de cuisson.</li>\r\n</ol>",
        "recipe_photo": "recipe/gratin_dauphinois_yRSR28R.jpg",
        "recipe_photo_1": "recipe/gratin_dauphinois_2.jpg",
        "recipe_photo_2": "recipe/gratin_3.jpg",
        "recipe_photo_3": "recipe/gratin_4.jpg",
        "recipe_photo_4": "recipe/gratin_dauphinois_XfiJudc.jpg",
        "created_date": "2021-01-17T11:27:27.736Z",
        "ingredients": [
            6,
            7,
            11,
            16,
            19,
            30,
            31,
            32,
            33
        ]
    }
},
{
    "model": "recipe.recipe",
    "pk": 7,
    "fields": {
        "category": "Plats principaux",
        "level": "Master",
        "name": "Couscous",
        "portion": "5",
        "cooking_time": 60,
        "preparation": 30,
        "diet": "Anticellulite",
        "origine": "Maghreb",
        "kcal": 371,
        "proteins": 14,
        "lipids": 3,
        "glucids": 72,
        "is_feature": false,
        "steps": "<ol>\r\n\t<li>Pr&eacute;paration de la semoule :<br />\r\n\t&nbsp;</li>\r\n\t<li>Verser la semoule dans un grand r&eacute;cipient et la noyer avec l&#39;eau. Remuer doucement.<br />\r\n\t&nbsp;</li>\r\n\t<li>&Eacute;goutter la semoule quand l&#39;eau devient blanche<br />\r\n\t&nbsp;</li>\r\n\t<li>Laisser reposer 15-20 mn (30 maxi), saler (1 cuill&egrave;re &agrave; soupe rase), huiler (1 cuill&egrave;re &agrave; soupe).<br />\r\n\t&nbsp;</li>\r\n\t<li>Malaxer pour briser les mottes.<br />\r\n\t&nbsp;</li>\r\n\t<li>Cuisson de la semoule :<br />\r\n\t&nbsp;</li>\r\n\t<li>Dans une couscoussi&egrave;re de 5 litres, remplir &agrave; moiti&eacute; d&#39;eau la partie basse et verser la semoule dans la partie haute (ne pas mettre de couvercle).<br />\r\n\t&nbsp;</li>\r\n\t<li>Rendre herm&eacute;tique si possible la couscoussi&egrave;re au niveau de la jonction des 2 parties afin d&#39;&eacute;viter l&#39;&eacute;vaporation de la vapeur.<br />\r\n\t&nbsp;</li>\r\n\t<li>Compter une cuisson de 20 min &agrave; partir de l&#39;apparition de la vapeur &agrave; travers la semoule.<br />\r\n\t&nbsp;</li>\r\n\t<li>Verser la semoule dans un r&eacute;cipient, remuer doucement avec une cuill&egrave;re en bois pour briser les mottes, ajouter 50 g de beurre et m&eacute;langer doucement.<br />\r\n\t&nbsp;</li>\r\n\t<li>L&eacute;gumes et viandes :<br />\r\n\t&nbsp;</li>\r\n\t<li>Mettre dans une grande casserole 3 c &agrave; soupe d&#39;huile, faire revenir les 2 oignons, les 2/3 gousses d&#39;ail et faire dorer la viande. Saler, poivrer, ajouter les carottes en rondelles. Laisser cuire &agrave; feu doux 15 min.<br />\r\n\t&nbsp;</li>\r\n\t<li>Ajouter le concentr&eacute; de tomate puis 2 litres d&#39;eau bouillante.<br />\r\n\t&nbsp;</li>\r\n\t<li>Laisser cuire 20 min.<br />\r\n\t&nbsp;</li>\r\n\t<li>Pendant cet temps, cuire &agrave; part dans l&#39;eau sal&eacute;e les navets en morceaux pendant 20 min. Ajouter 5 min avant la fin les courgettes en rondelles. &Eacute;goutter en fin de cuisson.<br />\r\n\t&nbsp;</li>\r\n\t<li>Quand la viande est cuite, y ajouter les navets et courgettes et les pois chiches.<br />\r\n\t&nbsp;</li>\r\n\t<li>Laisser cuire le tout 5 &agrave; 10 min.<br />\r\n\t&nbsp;</li>\r\n\t<li>Assaisonnement (facultatif) :<br />\r\n\t&nbsp;</li>\r\n\t<li>Retirer 1 louche du jus de cuisson de la viande, ajouter 1 cuill&egrave;re &agrave; caf&eacute; de harissa. La servir &agrave; part.</li>\r\n</ol>",
        "recipe_photo": "recipe/couscous.jpg",
        "recipe_photo_1": "recipe/couscous_xi1Xron.jpg",
        "recipe_photo_2": "recipe/couscous2.jpg",
        "recipe_photo_3": "recipe/couscous3.jpg",
        "recipe_photo_4": "recipe/couscous4.jpg",
        "created_date": "2021-01-17T11:37:01.028Z",
        "ingredients": [
            34,
            35,
            36,
            37,
            6,
            7,
            38,
            39,
            12,
            14,
            18,
            19,
            21
        ]
    }
},
{
    "model": "recipe.recipe",
    "pk": 8,
    "fields": {
        "category": "Desserts",
        "level": "Facile",
        "name": "Tiramisu",
        "portion": "3",
        "cooking_time": 20,
        "preparation": 20,
        "diet": "Sans sel",
        "origine": "Italie",
        "kcal": 305,
        "proteins": 3,
        "lipids": 45,
        "glucids": 12,
        "is_feature": false,
        "steps": "<ol>\r\n\t<li>S&eacute;parer les blancs des jaunes&nbsp;d&#39;oeufs.<br />\r\n\t&nbsp;</li>\r\n\t<li>M&eacute;langer les jaunes avec le sucre roux et le sucre vanill&eacute;.<br />\r\n\t&nbsp;</li>\r\n\t<li>Ajouter le mascarpone au fouet.<br />\r\n\t&nbsp;</li>\r\n\t<li>Monter les blancs en neige et les incorporer d&eacute;licatement &agrave; la spatule au m&eacute;lange pr&eacute;c&eacute;dent. R&eacute;server.<br />\r\n\t&nbsp;</li>\r\n\t<li>Mouiller les biscuits dans le caf&eacute; rapidement avant d&#39;en tapisser le fond du plat.<br />\r\n\t&nbsp;</li>\r\n\t<li>Recouvrir d&#39;une couche de cr&egrave;me au mascarpone puis r&eacute;p&eacute;ter l&#39;op&eacute;ration en alternant couche de biscuits et couche de cr&egrave;me en terminant par cette derni&egrave;re.<br />\r\n\t&nbsp;</li>\r\n\t<li>Saupoudrer de cacao.<br />\r\n\t&nbsp;</li>\r\n\t<li>Mettre au r&eacute;frig&eacute;rateur 4 heures minimum puis d&eacute;guster frais.</li>\r\n</ol>",
        "recipe_photo": "recipe/tiramisu.jpg",
        "recipe_photo_1": "recipe/tiramisu2.jpg",
        "recipe_photo_2": "recipe/tiramisu3.jpg",
        "recipe_photo_3": "recipe/tiramisu4.jpg",
        "recipe_photo_4": "recipe/tiramisu5.jpg",
        "created_date": "2021-01-17T11:53:13.931Z",
        "ingredients": [
            40,
            41,
            42,
            43,
            44,
            45
        ]
    }
},
{
    "model": "recipe.recipe",
    "pk": 9,
    "fields": {
        "category": "Salades",
        "level": "Intermédiaire",
        "name": "Salade vietnamienne",
        "portion": "4",
        "cooking_time": 30,
        "preparation": 25,
        "diet": "Détox",
        "origine": "Vietnam",
        "kcal": 86,
        "proteins": 1,
        "lipids": 6,
        "glucids": 4,
        "is_feature": false,
        "steps": "<ol>\r\n\t<li>Emincer tous les l&eacute;gumes.<br />\r\n\t&nbsp;</li>\r\n\t<li>Pr&eacute;parez la sauce en m&eacute;langeant les ingr&eacute;dients.<br />\r\n\t&nbsp;</li>\r\n\t<li>Verser sur les l&eacute;gumes au dernier moment, juste avant de servir.</li>\r\n</ol>",
        "recipe_photo": "recipe/salade.jpg",
        "recipe_photo_1": "recipe/salade_9W2XfXk.jpg",
        "recipe_photo_2": "recipe/salade_eZ8Yfqw.jpg",
        "recipe_photo_3": "recipe/salade_18Wcl07.jpg",
        "recipe_photo_4": "recipe/salade_XsU4ubg.jpg",
        "created_date": "2021-01-17T12:01:10.197Z",
        "ingredients": [
            6,
            7,
            38,
            12,
            46,
            47,
            48,
            49,
            50,
            19,
            51,
            52,
            25
        ]
    }
},
{
    "model": "pages.slider",
    "pk": 1,
    "fields": {
        "titre": "Des idées de recettes",
        "description": "<p>Plongez dans un univers culinaire riche et divers.</p>\r\n\r\n<p>Com&eacute;gusto s&#39;<strong>adapte &agrave; vos pr&eacute;f&eacute;rences</strong> et &agrave; vos <strong>contraintes alimentaires</strong>.</p>",
        "image": "slider/recipes_1.jpg"
    }
},
{
    "model": "pages.slider",
    "pk": 3,
    "fields": {
        "titre": "Les ingrédients au meilleur prix",
        "description": "<p>Vous en avez marre de passer du temps dans les magasins, &agrave; calculer et &agrave; comparer les produits entre eux ?</p>\r\n\r\n<p>Com&eacute;gusto se charge de tout &ccedil;a pour vous et vous propose les <strong>meilleures recettes</strong>, au <strong>meilleur prix</strong>.</p>",
        "image": "slider/recipes_3.jpg"
    }
},
{
    "model": "pages.info",
    "pk": 1,
    "fields": {
        "numero": "+33-4XX-634-7071",
        "email": "infos@comegusto.fr",
        "horaire": "Lun - Dim: 7:30am - 9:30pm",
        "site": "www.comegusto.fr",
        "fax": "+33-4XX-634-7070"
    }
},
{
    "model": "pages.team",
    "pk": 1,
    "fields": {
        "first_name": "Martin",
        "last_name": "Smith",
        "job_title": "Web Developer",
        "photo": "teams/avatar-1.jpg",
        "facebook_link": "https://fr-fr.facebook.com/",
        "twitter_link": "https://twitter.com/",
        "linkedin_link": "https://www.linkedin.com/",
        "created_date": "2020-12-16T22:09:21.139Z"
    }
},
{
    "model": "pages.team",
    "pk": 2,
    "fields": {
        "first_name": "Stone",
        "last_name": "Carolyn",
        "job_title": "Creative Director",
        "photo": "teams/avatar-9.jpg",
        "facebook_link": "https://fr-fr.facebook.com/",
        "twitter_link": "https://twitter.com/",
        "linkedin_link": "https://www.linkedin.com/",
        "created_date": "2020-12-16T22:35:09.254Z"
    }
},
{
    "model": "pages.team",
    "pk": 3,
    "fields": {
        "first_name": "Brandon",
        "last_name": "Miller",
        "job_title": "Manager",
        "photo": "teams/avatar-12.jpg",
        "facebook_link": "https://fr-fr.facebook.com/",
        "twitter_link": "https://twitter.com/",
        "linkedin_link": "https://www.linkedin.com/",
        "created_date": "2020-12-16T22:37:04.994Z"
    }
},
{
    "model": "pages.team",
    "pk": 4,
    "fields": {
        "first_name": "Michelle",
        "last_name": "Nelson",
        "job_title": "Support Manager",
        "photo": "teams/avatar-2.jpg",
        "facebook_link": "http://fr-fr.facebook.com",
        "twitter_link": "https://twitter.com/",
        "linkedin_link": "https://www.linkedin.com/",
        "created_date": "2020-12-16T22:38:50.956Z"
    }
},
{
    "model": "pages.team",
    "pk": 5,
    "fields": {
        "first_name": "Lorem",
        "last_name": "Ipsum",
        "job_title": "Dolor Ipsum",
        "photo": "teams/avatar-4.jpg",
        "facebook_link": "https://fr-fr.facebook.com/",
        "twitter_link": "https://twitter.com/",
        "linkedin_link": "https://www.linkedin.com/",
        "created_date": "2020-12-16T22:41:14.345Z"
    }
},
{
    "model": "pages.team",
    "pk": 6,
    "fields": {
        "first_name": "Cheap",
        "last_name": "Recipes",
        "job_title": "Where Something",
        "photo": "teams/avatar-3.jpg",
        "facebook_link": "http://fr-fr.facebook.com",
        "twitter_link": "https://twitter.com/",
        "linkedin_link": "https://www.linkedin.com/",
        "created_date": "2020-12-16T22:45:38.959Z"
    }
},
{
    "model": "pages.team",
    "pk": 7,
    "fields": {
        "first_name": "Aziguy",
        "last_name": "Hermann",
        "job_title": "Product Owner",
        "photo": "teams/avatar-10.jpg",
        "facebook_link": "https://fr-fr.facebook.com/",
        "twitter_link": "https://twitter.com/",
        "linkedin_link": "https://www.linkedin.com/",
        "created_date": "2020-12-16T22:48:30.845Z"
    }
},
{
    "model": "pages.team",
    "pk": 8,
    "fields": {
        "first_name": "Jasman",
        "last_name": "Auretro",
        "job_title": "Data Analyst",
        "photo": "teams/avatar-11.jpg",
        "facebook_link": "https://fr-fr.facebook.com/",
        "twitter_link": "https://twitter.com/",
        "linkedin_link": "https://www.linkedin.com/",
        "created_date": "2020-12-16T22:50:46.531Z"
    }
},
{
    "model": "pages.service",
    "pk": 1,
    "fields": {
        "icone": "<i class=\"flaticon-customer-service\"></i>",
        "numero": 6,
        "titre": "Assistance",
        "description": "Besoin d'aide ? Une remarque ? Nous sommes à votre disposition 7 jours sur 7 pour répondre à toutes vos questions.",
        "created_date": "2020-12-17T09:43:28.236Z"
    }
},
{
    "model": "pages.service",
    "pk": 3,
    "fields": {
        "icone": "<i class=\"fas fa-piggy-bank\"></i>",
        "numero": 4,
        "titre": "Faites des économies",
        "description": "Chez Comégusto, nous vous proposons une liste de courses toute prête au drive le moins cher pour les recettes que vous avez sélectionnées !",
        "created_date": "2020-12-17T09:46:17.561Z"
    }
},
{
    "model": "pages.service",
    "pk": 4,
    "fields": {
        "icone": "<i class=\"fas fa-bullseye\"></i>",
        "numero": 3,
        "titre": "Des suggestions adaptées",
        "description": "Nos propositions de recettes sont personnalisées en fonction de vos préférences alimentaires, de vos habitudes et de vos contraintes.",
        "created_date": "2020-12-17T09:47:30.781Z"
    }
},
{
    "model": "pages.service",
    "pk": 5,
    "fields": {
        "icone": "<i class=\"fas fa-cookie-bite\"></i>",
        "numero": 2,
        "titre": "De nombreuses recettes",
        "description": "Grâce à notre grande base de recettes, nous sommes en mesure de vous proposer un large choix de plats.",
        "created_date": "2020-12-17T09:48:24.405Z"
    }
},
{
    "model": "pages.service",
    "pk": 6,
    "fields": {
        "icone": "<i class=\"flaticon-car-key\"></i>",
        "numero": 1,
        "titre": "Une solution clé en main",
        "description": "Trouvez des idées de recettes, obtenez les étapes de préparation de vos plats, la liste des ingrédients nécessaires et le magasin le moins cher sans quitter Comégusto !",
        "created_date": "2020-12-17T09:50:04.788Z"
    }
},
{
    "model": "pages.service",
    "pk": 8,
    "fields": {
        "icone": "<i class=\"flaticon-lock\"></i>",
        "numero": 5,
        "titre": "Sécurité",
        "description": "Vos données vous appartiennent. C'est pourquoi vous pouvez demander à tout moment la suppression de votre compte et le téléchargement de toutes vos données.",
        "created_date": "2020-12-17T09:51:57.270Z"
    }
},
{
    "model": "pages.aboutdesc",
    "pk": 2,
    "fields": {
        "titre1": "Bienvenue sur",
        "titre2": "Comégusto",
        "description": "<h4>On mange quoi ce soir ?</h4>\r\n\r\n<h4>Com&eacute;gusto r&eacute;pond &agrave; cette question en vous proposant des recettes adapt&eacute;es &agrave; vos pr&eacute;f&eacute;rences et contraintes alimentaires, tout en vous faisant &eacute;conomiser de l&#39;argent !</h4>",
        "image1": "abouts/recipes_1.jpg",
        "image2": "abouts/recipes_2.jpeg",
        "image3": "abouts/recipes_3.jpg"
    }
},
{
    "model": "auth.user",
    "fields": {
        "password": "pbkdf2_sha256$216000$6lr2o17SsrSr$FPmFj4SkKWTfvu30ScvsiDKoPD6VVGh4R8YDMJPJ8M4=",
        "last_login": "2021-01-17T10:50:52.845Z",
        "is_superuser": true,
        "username": "djangoadmin",
        "first_name": "HIPPOLYTE",
        "last_name": "KENGNI",
        "email": "hippolyte-kengni@etud.univ-tln.fr",
        "is_staff": true,
        "is_active": true,
        "date_joined": "2020-12-15T20:41:52Z",
        "groups": [],
        "user_permissions": []
    }
},
{
    "model": "auth.user",
    "fields": {
        "password": "!WEnfpXAWisLkFM5NkupvshSQzWnm5pWRnoojvOJa",
        "last_login": "2020-12-26T09:55:43.537Z",
        "is_superuser": false,
        "username": "linda",
        "first_name": "Linda",
        "last_name": "Kemtsombou",
        "email": "",
        "is_staff": false,
        "is_active": true,
        "date_joined": "2020-12-26T09:55:43.281Z",
        "groups": [],
        "user_permissions": []
    }
},
{
    "model": "auth.user",
    "fields": {
        "password": "pbkdf2_sha256$216000$bn41kSgfZ3ck$s0dvpZcwrb4zzTNnOqA+MuAWNJrm+MgyhJI4qEVLves=",
        "last_login": "2021-01-17T10:35:45.203Z",
        "is_superuser": false,
        "username": "test",
        "first_name": "test",
        "last_name": "test",
        "email": "test@test.fr",
        "is_staff": false,
        "is_active": true,
        "date_joined": "2021-01-17T10:32:21.851Z",
        "groups": [],
        "user_permissions": []
    }
},
{
    "model": "sessions.session",
    "pk": "5qfmkv16rw1dpw2m62qgnu5nzwjyu1ho",
    "fields": {
        "session_data": ".eJxVjDsOwjAQRO_iGllZJ7LXlPScwdqPwQHkSHFSIe5OIqWAcua9mbdJtC4lrS3PaVRzNsGcfjsmeea6A31QvU9WprrMI9tdsQdt9jppfl0O9--gUCvbmoUZIYNTDzFCEA4ggrQFd2P02atg6LDvECT0PpJ4BFBUFyMOg_l8AesrN2I:1l15PN:L5T4zUkya6WzhJraykOlcb3q1ZzsTfEakEJD41J2_Vo",
        "expire_date": "2021-01-31T10:35:45.205Z"
    }
},
{
    "model": "sessions.session",
    "pk": "oyzeg246prvnnk6biubuhejhtr3fcguf",
    "fields": {
        "session_data": ".eJxVjMsOwiAUBf-FtSEUQuG6dO83kPsAqRqalHZl_Hdt0oVuz8ycl0q4rTVtPS9pEnVWgzr9boT8yG0Hcsd2mzXPbV0m0ruiD9r1dZb8vBzu30HFXr_1CJ6CEUvRoCVwjr2L1jKjH3g0QBwK5SgILgRAjOhK8CBFHFuwot4f4A04Ow:1l0mf0:yh2xYudJdu6lpvKJj_xSCPlr6a5AWPntjbrp_SSNo2w",
        "expire_date": "2021-01-30T14:34:38.078Z"
    }
},
{
    "model": "sessions.session",
    "pk": "srp8uj6qby2d1w63nj8u7yozax39dsd2",
    "fields": {
        "session_data": ".eJxVjMsOwiAUBf-FtSEUQuG6dO83kPsAqRqalHZl_Hdt0oVuz8ycl0q4rTVtPS9pEnVWgzr9boT8yG0Hcsd2mzXPbV0m0ruiD9r1dZb8vBzu30HFXr_1CJ6CEUvRoCVwjr2L1jKjH3g0QBwK5SgILgRAjOhK8CBFHFuwot4f4A04Ow:1l15e0:0Xxok0q9WiDIlKhHlW8vV0pW9jjWvSbCldd-gHIUamE",
        "expire_date": "2021-01-31T10:50:52.846Z"
    }
},
{
    "model": "sites.site",
    "fields": {
        "domain": "localhost:8000",
        "name": "localhost:8000"
    }
},
{
    "model": "socialaccount.socialapp",
    "pk": 1,
    "fields": {
        "provider": "facebook",
        "name": "Facebook Login",
        "client_id": "591524468331136",
        "secret": "a5f83a9a1c92bfbb2c7fa8af0bf504ce",
        "key": "",
        "sites": [
            [
                "localhost:8000"
            ]
        ]
    }
},
{
    "model": "socialaccount.socialapp",
    "pk": 2,
    "fields": {
        "provider": "google",
        "name": "Google Login",
        "client_id": "374043331765-748pquveob9rrbphv93th9q1s6p7lkeg.apps.googleusercontent.com",
        "secret": "zTGoHaNbXV2bpa2-U-g4VhD2",
        "key": "",
        "sites": [
            [
                "localhost:8000"
            ]
        ]
    }
},
{
    "model": "socialaccount.socialapp",
    "pk": 4,
    "fields": {
        "provider": "linkedin_oauth2",
        "name": "Linkedin Login",
        "client_id": "77blq7wc3bw8c5",
        "secret": "ZiBnW7Lp5zaFkbDS",
        "key": "",
        "sites": [
            [
                "localhost:8000"
            ]
        ]
    }
},
{
    "model": "socialaccount.socialaccount",
    "pk": 3,
    "fields": {
        "user": [
            "linda"
        ],
        "provider": "linkedin_oauth2",
        "uid": "05e-wGFuTF",
        "last_login": "2020-12-26T09:55:43.384Z",
        "date_joined": "2020-12-26T09:55:43.384Z",
        "extra_data": "{\"firstName\": {\"localized\": {\"fr_FR\": \"Linda\"}, \"preferredLocale\": {\"country\": \"FR\", \"language\": \"fr\"}}, \"lastName\": {\"localized\": {\"fr_FR\": \"Kemtsombou\"}, \"preferredLocale\": {\"country\": \"FR\", \"language\": \"fr\"}}, \"id\": \"05e-wGFuTF\"}"
    }
},
{
    "model": "socialaccount.socialtoken",
    "pk": 3,
    "fields": {
        "app": 4,
        "account": 3,
        "token": "AQUKkbR08OvyBkGznMGQvL8Iq_uqjM3GycmtaFywENQMNwxwc9F6mijcOQ8D2u63rR7rNuEzSDNS1DPPZbFD0Qlgn6nPE7ad5Qn1Za_RHXezjqD1LOFeDNhpho-udIX9RNz14P4x_rEoWYhTF-6ZZTCT_YF5V3adsid63IFQ7P1-7KWNN8polkNPdSb7I5SaC-qUce8HYxxJWIfiEJ9nqQqaXGv58w1KEs2WWYEVBP9qnoXojKTXfY9Z9jSAexdlpiuqeN5cMs1SOYUZAcA1qfeMaCeJj_DqjTcaw8s-06Y8l81KsludtFjLrOTlYfQsTesBhVKOqxy3KT_u3EnTw2UYu0HLLQ",
        "token_secret": "",
        "expires_at": "2021-02-24T09:55:41.801Z"
    }
},
{
    "model": "admin.logentry",
    "pk": 1,
    "fields": {
        "action_time": "2020-12-15T20:43:59.985Z",
        "user": [
            "djangoadmin"
        ],
        "content_type": [
            "auth",
            "user"
        ],
        "object_id": "1",
        "object_repr": "djangoadmin",
        "action_flag": 2,
        "change_message": "[{\"changed\": {\"fields\": [\"First name\", \"Last name\", \"Last login\"]}}]"
    }
},
{
    "model": "admin.logentry",
    "pk": 2,
    "fields": {
        "action_time": "2020-12-15T20:48:05.721Z",
        "user": [
            "djangoadmin"
        ],
        "content_type": [
            "pages",
            "info"
        ],
        "object_id": "1",
        "object_repr": "+33-4XX-634-7071",
        "action_flag": 1,
        "change_message": "[{\"added\": {}}]"
    }
},
{
    "model": "admin.logentry",
    "pk": 3,
    "fields": {
        "action_time": "2020-12-15T20:52:39.193Z",
        "user": [
            "djangoadmin"
        ],
        "content_type": [
            "pages",
            "slider"
        ],
        "object_id": "1",
        "object_repr": "WOW FACTOR STANDARD",
        "action_flag": 1,
        "change_message": "[{\"added\": {}}]"
    }
},
{
    "model": "admin.logentry",
    "pk": 4,
    "fields": {
        "action_time": "2020-12-15T20:53:17.873Z",
        "user": [
            "djangoadmin"
        ],
        "content_type": [
            "pages",
            "slider"
        ],
        "object_id": "2",
        "object_repr": "EXPLORE YOUR DREAM CAR",
        "action_flag": 1,
        "change_message": "[{\"added\": {}}]"
    }
},
{
    "model": "admin.logentry",
    "pk": 5,
    "fields": {
        "action_time": "2020-12-15T20:53:51.984Z",
        "user": [
            "djangoadmin"
        ],
        "content_type": [
            "pages",
            "slider"
        ],
        "object_id": "3",
        "object_repr": "WE ARE WHEEL",
        "action_flag": 1,
        "change_message": "[{\"added\": {}}]"
    }
},
{
    "model": "admin.logentry",
    "pk": 6,
    "fields": {
        "action_time": "2020-12-15T20:53:59.547Z",
        "user": [
            "djangoadmin"
        ],
        "content_type": [
            "pages",
            "slider"
        ],
        "object_id": "2",
        "object_repr": "EXPLORE YOUR DREAM CAR",
        "action_flag": 2,
        "change_message": "[]"
    }
},
{
    "model": "admin.logentry",
    "pk": 7,
    "fields": {
        "action_time": "2020-12-15T20:54:03.043Z",
        "user": [
            "djangoadmin"
        ],
        "content_type": [
            "pages",
            "slider"
        ],
        "object_id": "3",
        "object_repr": "WE ARE WHEEL",
        "action_flag": 2,
        "change_message": "[]"
    }
},
{
    "model": "admin.logentry",
    "pk": 8,
    "fields": {
        "action_time": "2020-12-15T21:16:47.885Z",
        "user": [
            "djangoadmin"
        ],
        "content_type": [
            "pages",
            "slider"
        ],
        "object_id": "1",
        "object_repr": "WOW FACTOR STANDARD",
        "action_flag": 2,
        "change_message": "[{\"changed\": {\"fields\": [\"Image\"]}}]"
    }
},
{
    "model": "admin.logentry",
    "pk": 9,
    "fields": {
        "action_time": "2020-12-15T21:17:01.315Z",
        "user": [
            "djangoadmin"
        ],
        "content_type": [
            "pages",
            "slider"
        ],
        "object_id": "2",
        "object_repr": "EXPLORE YOUR DREAM CAR",
        "action_flag": 2,
        "change_message": "[{\"changed\": {\"fields\": [\"Image\"]}}]"
    }
},
{
    "model": "admin.logentry",
    "pk": 10,
    "fields": {
        "action_time": "2020-12-15T21:17:08.578Z",
        "user": [
            "djangoadmin"
        ],
        "content_type": [
            "pages",
            "slider"
        ],
        "object_id": "3",
        "object_repr": "WE ARE WHEEL",
        "action_flag": 2,
        "change_message": "[{\"changed\": {\"fields\": [\"Image\"]}}]"
    }
},
{
    "model": "admin.logentry",
    "pk": 11,
    "fields": {
        "action_time": "2020-12-15T22:41:16.386Z",
        "user": [
            "djangoadmin"
        ],
        "content_type": [
            "pages",
            "slider"
        ],
        "object_id": "1",
        "object_repr": "T1_WOW FACTOR STANDARD",
        "action_flag": 2,
        "change_message": "[{\"changed\": {\"fields\": [\"Titre\"]}}]"
    }
},
{
    "model": "admin.logentry",
    "pk": 12,
    "fields": {
        "action_time": "2020-12-15T22:45:53.513Z",
        "user": [
            "djangoadmin"
        ],
        "content_type": [
            "pages",
            "slider"
        ],
        "object_id": "1",
        "object_repr": "WOW FACTOR STANDARD",
        "action_flag": 2,
        "change_message": "[{\"changed\": {\"fields\": [\"Titre\"]}}]"
    }
},
{
    "model": "admin.logentry",
    "pk": 13,
    "fields": {
        "action_time": "2020-12-15T22:46:08.797Z",
        "user": [
            "djangoadmin"
        ],
        "content_type": [
            "pages",
            "slider"
        ],
        "object_id": "2",
        "object_repr": "2_EXPLORE YOUR DREAM CAR",
        "action_flag": 2,
        "change_message": "[{\"changed\": {\"fields\": [\"Titre\"]}}]"
    }
},
{
    "model": "admin.logentry",
    "pk": 14,
    "fields": {
        "action_time": "2020-12-15T22:46:16.115Z",
        "user": [
            "djangoadmin"
        ],
        "content_type": [
            "pages",
            "slider"
        ],
        "object_id": "3",
        "object_repr": "3_WE ARE WHEEL",
        "action_flag": 2,
        "change_message": "[{\"changed\": {\"fields\": [\"Titre\"]}}]"
    }
},
{
    "model": "admin.logentry",
    "pk": 15,
    "fields": {
        "action_time": "2020-12-15T22:46:22.385Z",
        "user": [
            "djangoadmin"
        ],
        "content_type": [
            "pages",
            "slider"
        ],
        "object_id": "1",
        "object_repr": "1_WOW FACTOR STANDARD",
        "action_flag": 2,
        "change_message": "[{\"changed\": {\"fields\": [\"Titre\"]}}]"
    }
},
{
    "model": "admin.logentry",
    "pk": 16,
    "fields": {
        "action_time": "2020-12-15T23:02:10.409Z",
        "user": [
            "djangoadmin"
        ],
        "content_type": [
            "pages",
            "slider"
        ],
        "object_id": "1",
        "object_repr": "WOW FACTOR STANDARD",
        "action_flag": 2,
        "change_message": "[{\"changed\": {\"fields\": [\"Titre\"]}}]"
    }
},
{
    "model": "admin.logentry",
    "pk": 17,
    "fields": {
        "action_time": "2020-12-15T23:02:40.235Z",
        "user": [
            "djangoadmin"
        ],
        "content_type": [
            "pages",
            "slider"
        ],
        "object_id": "2",
        "object_repr": "EXPLORE YOUR DREAM CAR",
        "action_flag": 2,
        "change_message": "[{\"changed\": {\"fields\": [\"Titre\", \"Description\"]}}]"
    }
},
{
    "model": "admin.logentry",
    "pk": 18,
    "fields": {
        "action_time": "2020-12-15T23:03:02.490Z",
        "user": [
            "djangoadmin"
        ],
        "content_type": [
            "pages",
            "slider"
        ],
        "object_id": "3",
        "object_repr": "WE ARE WHEEL",
        "action_flag": 2,
        "change_message": "[{\"changed\": {\"fields\": [\"Titre\", \"Description\"]}}]"
    }
},
{
    "model": "admin.logentry",
    "pk": 19,
    "fields": {
        "action_time": "2020-12-15T23:03:19.637Z",
        "user": [
            "djangoadmin"
        ],
        "content_type": [
            "pages",
            "slider"
        ],
        "object_id": "1",
        "object_repr": "WOW FACTOR STANDARD",
        "action_flag": 2,
        "change_message": "[{\"changed\": {\"fields\": [\"Description\"]}}]"
    }
},
{
    "model": "admin.logentry",
    "pk": 20,
    "fields": {
        "action_time": "2020-12-15T23:55:13.893Z",
        "user": [
            "djangoadmin"
        ],
        "content_type": [
            "pages",
            "slider"
        ],
        "object_id": "3",
        "object_repr": "WE ARE WHEEL",
        "action_flag": 2,
        "change_message": "[{\"changed\": {\"fields\": [\"Description\"]}}]"
    }
},
{
    "model": "admin.logentry",
    "pk": 21,
    "fields": {
        "action_time": "2020-12-16T00:00:28.915Z",
        "user": [
            "djangoadmin"
        ],
        "content_type": [
            "pages",
            "slider"
        ],
        "object_id": "3",
        "object_repr": "WE ARE WHEEL",
        "action_flag": 2,
        "change_message": "[{\"changed\": {\"fields\": [\"Description\"]}}]"
    }
},
{
    "model": "admin.logentry",
    "pk": 22,
    "fields": {
        "action_time": "2020-12-16T00:02:52.206Z",
        "user": [
            "djangoadmin"
        ],
        "content_type": [
            "pages",
            "slider"
        ],
        "object_id": "3",
        "object_repr": "WE ARE WHEEL",
        "action_flag": 2,
        "change_message": "[]"
    }
},
{
    "model": "admin.logentry",
    "pk": 23,
    "fields": {
        "action_time": "2020-12-16T00:03:02.776Z",
        "user": [
            "djangoadmin"
        ],
        "content_type": [
            "pages",
            "slider"
        ],
        "object_id": "2",
        "object_repr": "EXPLORE YOUR DREAM CAR",
        "action_flag": 2,
        "change_message": "[{\"changed\": {\"fields\": [\"Description\"]}}]"
    }
},
{
    "model": "admin.logentry",
    "pk": 24,
    "fields": {
        "action_time": "2020-12-16T00:03:12.659Z",
        "user": [
            "djangoadmin"
        ],
        "content_type": [
            "pages",
            "slider"
        ],
        "object_id": "1",
        "object_repr": "WOW FACTOR STANDARD",
        "action_flag": 2,
        "change_message": "[{\"changed\": {\"fields\": [\"Description\"]}}]"
    }
},
{
    "model": "admin.logentry",
    "pk": 25,
    "fields": {
        "action_time": "2020-12-16T00:03:56.493Z",
        "user": [
            "djangoadmin"
        ],
        "content_type": [
            "pages",
            "slider"
        ],
        "object_id": "3",
        "object_repr": "WE ARE WHEEL",
        "action_flag": 2,
        "change_message": "[]"
    }
},
{
    "model": "admin.logentry",
    "pk": 26,
    "fields": {
        "action_time": "2020-12-16T00:04:38.439Z",
        "user": [
            "djangoadmin"
        ],
        "content_type": [
            "pages",
            "slider"
        ],
        "object_id": "2",
        "object_repr": "EXPLORE YOUR DREAM CAR",
        "action_flag": 2,
        "change_message": "[{\"changed\": {\"fields\": [\"Description\"]}}]"
    }
},
{
    "model": "admin.logentry",
    "pk": 27,
    "fields": {
        "action_time": "2020-12-16T00:04:50.827Z",
        "user": [
            "djangoadmin"
        ],
        "content_type": [
            "pages",
            "slider"
        ],
        "object_id": "1",
        "object_repr": "WOW FACTOR STANDARD",
        "action_flag": 2,
        "change_message": "[{\"changed\": {\"fields\": [\"Description\"]}}]"
    }
},
{
    "model": "admin.logentry",
    "pk": 28,
    "fields": {
        "action_time": "2020-12-16T00:05:45.133Z",
        "user": [
            "djangoadmin"
        ],
        "content_type": [
            "pages",
            "slider"
        ],
        "object_id": "3",
        "object_repr": "WE ARE WHEEL",
        "action_flag": 2,
        "change_message": "[]"
    }
},
{
    "model": "admin.logentry",
    "pk": 29,
    "fields": {
        "action_time": "2020-12-16T13:53:02.946Z",
        "user": [
            "djangoadmin"
        ],
        "content_type": [
            "pages",
            "info"
        ],
        "object_id": "1",
        "object_repr": "+33-4XX-634-7071",
        "action_flag": 2,
        "change_message": "[{\"changed\": {\"fields\": [\"Horaire\"]}}]"
    }
},
{
    "model": "admin.logentry",
    "pk": 30,
    "fields": {
        "action_time": "2020-12-16T21:27:16.196Z",
        "user": [
            "djangoadmin"
        ],
        "content_type": [
            "pages",
            "info"
        ],
        "object_id": "1",
        "object_repr": "+33-4XX-634-7071",
        "action_flag": 2,
        "change_message": "[{\"changed\": {\"fields\": [\"Email\"]}}]"
    }
},
{
    "model": "admin.logentry",
    "pk": 31,
    "fields": {
        "action_time": "2020-12-16T21:30:35.443Z",
        "user": [
            "djangoadmin"
        ],
        "content_type": [
            "pages",
            "info"
        ],
        "object_id": "1",
        "object_repr": "+33-4XX-634-7071",
        "action_flag": 2,
        "change_message": "[{\"changed\": {\"fields\": [\"Email\"]}}]"
    }
},
{
    "model": "admin.logentry",
    "pk": 32,
    "fields": {
        "action_time": "2020-12-16T21:33:35.654Z",
        "user": [
            "djangoadmin"
        ],
        "content_type": [
            "pages",
            "info"
        ],
        "object_id": "1",
        "object_repr": "+33-4XX-634-7071",
        "action_flag": 2,
        "change_message": "[{\"changed\": {\"fields\": [\"Email\"]}}]"
    }
},
{
    "model": "admin.logentry",
    "pk": 33,
    "fields": {
        "action_time": "2020-12-16T21:35:14.002Z",
        "user": [
            "djangoadmin"
        ],
        "content_type": [
            "pages",
            "info"
        ],
        "object_id": "1",
        "object_repr": "+33-4XX-634-7071",
        "action_flag": 2,
        "change_message": "[{\"changed\": {\"fields\": [\"Email\", \"Horaire\"]}}]"
    }
},
{
    "model": "admin.logentry",
    "pk": 34,
    "fields": {
        "action_time": "2020-12-16T22:09:21.141Z",
        "user": [
            "djangoadmin"
        ],
        "content_type": [
            "pages",
            "team"
        ],
        "object_id": "1",
        "object_repr": "HIPPOLYTE",
        "action_flag": 1,
        "change_message": "[{\"added\": {}}]"
    }
},
{
    "model": "admin.logentry",
    "pk": 35,
    "fields": {
        "action_time": "2020-12-16T22:33:02.533Z",
        "user": [
            "djangoadmin"
        ],
        "content_type": [
            "pages",
            "team"
        ],
        "object_id": "1",
        "object_repr": "Martin",
        "action_flag": 2,
        "change_message": "[{\"changed\": {\"fields\": [\"First name\", \"Last name\", \"Job title\"]}}]"
    }
},
{
    "model": "admin.logentry",
    "pk": 36,
    "fields": {
        "action_time": "2020-12-16T22:35:09.256Z",
        "user": [
            "djangoadmin"
        ],
        "content_type": [
            "pages",
            "team"
        ],
        "object_id": "2",
        "object_repr": "Stone",
        "action_flag": 1,
        "change_message": "[{\"added\": {}}]"
    }
},
{
    "model": "admin.logentry",
    "pk": 37,
    "fields": {
        "action_time": "2020-12-16T22:37:04.995Z",
        "user": [
            "djangoadmin"
        ],
        "content_type": [
            "pages",
            "team"
        ],
        "object_id": "3",
        "object_repr": "Brandon",
        "action_flag": 1,
        "change_message": "[{\"added\": {}}]"
    }
},
{
    "model": "admin.logentry",
    "pk": 38,
    "fields": {
        "action_time": "2020-12-16T22:38:50.960Z",
        "user": [
            "djangoadmin"
        ],
        "content_type": [
            "pages",
            "team"
        ],
        "object_id": "4",
        "object_repr": "Michelle",
        "action_flag": 1,
        "change_message": "[{\"added\": {}}]"
    }
},
{
    "model": "admin.logentry",
    "pk": 39,
    "fields": {
        "action_time": "2020-12-16T22:41:14.347Z",
        "user": [
            "djangoadmin"
        ],
        "content_type": [
            "pages",
            "team"
        ],
        "object_id": "5",
        "object_repr": "Lorem",
        "action_flag": 1,
        "change_message": "[{\"added\": {}}]"
    }
},
{
    "model": "admin.logentry",
    "pk": 40,
    "fields": {
        "action_time": "2020-12-16T22:45:38.961Z",
        "user": [
            "djangoadmin"
        ],
        "content_type": [
            "pages",
            "team"
        ],
        "object_id": "6",
        "object_repr": "Cheap",
        "action_flag": 1,
        "change_message": "[{\"added\": {}}]"
    }
},
{
    "model": "admin.logentry",
    "pk": 41,
    "fields": {
        "action_time": "2020-12-16T22:48:30.847Z",
        "user": [
            "djangoadmin"
        ],
        "content_type": [
            "pages",
            "team"
        ],
        "object_id": "7",
        "object_repr": "Aziguy",
        "action_flag": 1,
        "change_message": "[{\"added\": {}}]"
    }
},
{
    "model": "admin.logentry",
    "pk": 42,
    "fields": {
        "action_time": "2020-12-16T22:50:46.534Z",
        "user": [
            "djangoadmin"
        ],
        "content_type": [
            "pages",
            "team"
        ],
        "object_id": "8",
        "object_repr": "Jasman",
        "action_flag": 1,
        "change_message": "[{\"added\": {}}]"
    }
},
{
    "model": "admin.logentry",
    "pk": 43,
    "fields": {
        "action_time": "2020-12-16T23:36:40.730Z",
        "user": [
            "djangoadmin"
        ],
        "content_type": [
            "pages",
            "team"
        ],
        "object_id": "6",
        "object_repr": "Cheap",
        "action_flag": 2,
        "change_message": "[{\"changed\": {\"fields\": [\"Job title\"]}}]"
    }
},
{
    "model": "admin.logentry",
    "pk": 44,
    "fields": {
        "action_time": "2020-12-17T09:43:28.239Z",
        "user": [
            "djangoadmin"
        ],
        "content_type": [
            "pages",
            "service"
        ],
        "object_id": "1",
        "object_repr": "Free Support",
        "action_flag": 1,
        "change_message": "[{\"added\": {}}]"
    }
},
{
    "model": "admin.logentry",
    "pk": 45,
    "fields": {
        "action_time": "2020-12-17T09:45:17.788Z",
        "user": [
            "djangoadmin"
        ],
        "content_type": [
            "pages",
            "service"
        ],
        "object_id": "2",
        "object_repr": "Super Fast",
        "action_flag": 1,
        "change_message": "[{\"added\": {}}]"
    }
},
{
    "model": "admin.logentry",
    "pk": 46,
    "fields": {
        "action_time": "2020-12-17T09:46:17.563Z",
        "user": [
            "djangoadmin"
        ],
        "content_type": [
            "pages",
            "service"
        ],
        "object_id": "3",
        "object_repr": "Repairing",
        "action_flag": 1,
        "change_message": "[{\"added\": {}}]"
    }
},
{
    "model": "admin.logentry",
    "pk": 47,
    "fields": {
        "action_time": "2020-12-17T09:47:30.785Z",
        "user": [
            "djangoadmin"
        ],
        "content_type": [
            "pages",
            "service"
        ],
        "object_id": "4",
        "object_repr": "AIR conditioning",
        "action_flag": 1,
        "change_message": "[{\"added\": {}}]"
    }
},
{
    "model": "admin.logentry",
    "pk": 48,
    "fields": {
        "action_time": "2020-12-17T09:48:24.407Z",
        "user": [
            "djangoadmin"
        ],
        "content_type": [
            "pages",
            "service"
        ],
        "object_id": "5",
        "object_repr": "Oil Change",
        "action_flag": 1,
        "change_message": "[{\"added\": {}}]"
    }
},
{
    "model": "admin.logentry",
    "pk": 49,
    "fields": {
        "action_time": "2020-12-17T09:50:04.790Z",
        "user": [
            "djangoadmin"
        ],
        "content_type": [
            "pages",
            "service"
        ],
        "object_id": "6",
        "object_repr": "Dealership",
        "action_flag": 1,
        "change_message": "[{\"added\": {}}]"
    }
},
{
    "model": "admin.logentry",
    "pk": 50,
    "fields": {
        "action_time": "2020-12-17T09:51:06.648Z",
        "user": [
            "djangoadmin"
        ],
        "content_type": [
            "pages",
            "service"
        ],
        "object_id": "7",
        "object_repr": "Engine Repair",
        "action_flag": 1,
        "change_message": "[{\"added\": {}}]"
    }
},
{
    "model": "admin.logentry",
    "pk": 51,
    "fields": {
        "action_time": "2020-12-17T09:51:57.273Z",
        "user": [
            "djangoadmin"
        ],
        "content_type": [
            "pages",
            "service"
        ],
        "object_id": "8",
        "object_repr": "Security",
        "action_flag": 1,
        "change_message": "[{\"added\": {}}]"
    }
},
{
    "model": "admin.logentry",
    "pk": 52,
    "fields": {
        "action_time": "2020-12-17T11:59:53.398Z",
        "user": [
            "djangoadmin"
        ],
        "content_type": [
            "pages",
            "info"
        ],
        "object_id": "1",
        "object_repr": "+33-4XX-634-7071",
        "action_flag": 2,
        "change_message": "[{\"changed\": {\"fields\": [\"Site\", \"Fax\"]}}]"
    }
},
{
    "model": "admin.logentry",
    "pk": 53,
    "fields": {
        "action_time": "2020-12-17T14:43:40.575Z",
        "user": [
            "djangoadmin"
        ],
        "content_type": [
            "pages",
            "aboutdesc"
        ],
        "object_id": "2",
        "object_repr": "Welcome to",
        "action_flag": 1,
        "change_message": "[{\"added\": {}}]"
    }
},
{
    "model": "admin.logentry",
    "pk": 54,
    "fields": {
        "action_time": "2020-12-17T15:15:42.992Z",
        "user": [
            "djangoadmin"
        ],
        "content_type": [
            "pages",
            "aboutdesc"
        ],
        "object_id": "2",
        "object_repr": "Welcome to",
        "action_flag": 2,
        "change_message": "[{\"changed\": {\"fields\": [\"Description\"]}}]"
    }
},
{
    "model": "admin.logentry",
    "pk": 55,
    "fields": {
        "action_time": "2020-12-20T20:13:06.430Z",
        "user": [
            "djangoadmin"
        ],
        "content_type": [
            "pages",
            "service"
        ],
        "object_id": "9",
        "object_repr": "Trusted Agents",
        "action_flag": 1,
        "change_message": "[{\"added\": {}}]"
    }
},
{
    "model": "admin.logentry",
    "pk": 56,
    "fields": {
        "action_time": "2020-12-23T22:29:04.595Z",
        "user": [
            "djangoadmin"
        ],
        "content_type": [
            "auth",
            "user"
        ],
        "object_id": "2",
        "object_repr": "hkengni682",
        "action_flag": 3,
        "change_message": ""
    }
},
{
    "model": "admin.logentry",
    "pk": 57,
    "fields": {
        "action_time": "2020-12-24T09:25:35.943Z",
        "user": [
            "djangoadmin"
        ],
        "content_type": [
            "socialaccount",
            "socialapp"
        ],
        "object_id": "1",
        "object_repr": "Facebook Login",
        "action_flag": 1,
        "change_message": "[{\"added\": {}}]"
    }
},
{
    "model": "admin.logentry",
    "pk": 58,
    "fields": {
        "action_time": "2020-12-24T09:27:06.195Z",
        "user": [
            "djangoadmin"
        ],
        "content_type": [
            "sites",
            "site"
        ],
        "object_id": "1",
        "object_repr": "localhost:8000",
        "action_flag": 2,
        "change_message": "[{\"changed\": {\"fields\": [\"Domain name\", \"Display name\"]}}]"
    }
},
{
    "model": "admin.logentry",
    "pk": 59,
    "fields": {
        "action_time": "2020-12-24T10:48:18.763Z",
        "user": [
            "djangoadmin"
        ],
        "content_type": [
            "socialaccount",
            "socialapp"
        ],
        "object_id": "2",
        "object_repr": "Google Login",
        "action_flag": 1,
        "change_message": "[{\"added\": {}}]"
    }
},
{
    "model": "admin.logentry",
    "pk": 60,
    "fields": {
        "action_time": "2020-12-24T11:15:52.030Z",
        "user": [
            "djangoadmin"
        ],
        "content_type": [
            "socialaccount",
            "socialapp"
        ],
        "object_id": "3",
        "object_repr": "Linkedin Login",
        "action_flag": 1,
        "change_message": "[{\"added\": {}}]"
    }
},
{
    "model": "admin.logentry",
    "pk": 61,
    "fields": {
        "action_time": "2020-12-24T14:17:10.847Z",
        "user": [
            "djangoadmin"
        ],
        "content_type": [
            "pages",
            "aboutdesc"
        ],
        "object_id": "2",
        "object_repr": "Welcome to",
        "action_flag": 2,
        "change_message": "[{\"changed\": {\"fields\": [\"Image1\", \"Image2\", \"Image3\"]}}]"
    }
},
{
    "model": "admin.logentry",
    "pk": 62,
    "fields": {
        "action_time": "2020-12-24T14:25:12.265Z",
        "user": [
            "djangoadmin"
        ],
        "content_type": [
            "socialaccount",
            "socialapp"
        ],
        "object_id": "3",
        "object_repr": "Linkedin Login",
        "action_flag": 2,
        "change_message": "[]"
    }
},
{
    "model": "admin.logentry",
    "pk": 63,
    "fields": {
        "action_time": "2020-12-24T16:05:22.012Z",
        "user": [
            "djangoadmin"
        ],
        "content_type": [
            "auth",
            "user"
        ],
        "object_id": "4",
        "object_repr": "hippolyte",
        "action_flag": 3,
        "change_message": ""
    }
},
{
    "model": "admin.logentry",
    "pk": 64,
    "fields": {
        "action_time": "2020-12-24T16:05:22.075Z",
        "user": [
            "djangoadmin"
        ],
        "content_type": [
            "auth",
            "user"
        ],
        "object_id": "5",
        "object_repr": "hippolyte6",
        "action_flag": 3,
        "change_message": ""
    }
},
{
    "model": "admin.logentry",
    "pk": 65,
    "fields": {
        "action_time": "2020-12-24T16:05:22.104Z",
        "user": [
            "djangoadmin"
        ],
        "content_type": [
            "auth",
            "user"
        ],
        "object_id": "3",
        "object_repr": "hkengni682",
        "action_flag": 3,
        "change_message": ""
    }
},
{
    "model": "admin.logentry",
    "pk": 66,
    "fields": {
        "action_time": "2020-12-26T09:48:44.863Z",
        "user": [
            "djangoadmin"
        ],
        "content_type": [
            "socialaccount",
            "socialapp"
        ],
        "object_id": "3",
        "object_repr": "Linkedin Login",
        "action_flag": 3,
        "change_message": ""
    }
},
{
    "model": "admin.logentry",
    "pk": 67,
    "fields": {
        "action_time": "2020-12-26T09:53:35.104Z",
        "user": [
            "djangoadmin"
        ],
        "content_type": [
            "socialaccount",
            "socialapp"
        ],
        "object_id": "4",
        "object_repr": "Linkedin Login",
        "action_flag": 1,
        "change_message": "[{\"added\": {}}]"
    }
},
{
    "model": "admin.logentry",
    "pk": 68,
    "fields": {
        "action_time": "2021-01-11T21:28:43.276Z",
        "user": [
            "djangoadmin"
        ],
        "content_type": [
            "recipe",
            "categorie"
        ],
        "object_id": "1",
        "object_repr": "Boucherie",
        "action_flag": 1,
        "change_message": "[{\"added\": {}}]"
    }
},
{
    "model": "admin.logentry",
    "pk": 69,
    "fields": {
        "action_time": "2021-01-11T21:29:02.137Z",
        "user": [
            "djangoadmin"
        ],
        "content_type": [
            "recipe",
            "categorie"
        ],
        "object_id": "2",
        "object_repr": "Poissonnerie",
        "action_flag": 1,
        "change_message": "[{\"added\": {}}]"
    }
},
{
    "model": "admin.logentry",
    "pk": 70,
    "fields": {
        "action_time": "2021-01-11T21:29:25.973Z",
        "user": [
            "djangoadmin"
        ],
        "content_type": [
            "recipe",
            "categorie"
        ],
        "object_id": "3",
        "object_repr": "Volaillerie",
        "action_flag": 1,
        "change_message": "[{\"added\": {}}]"
    }
},
{
    "model": "admin.logentry",
    "pk": 71,
    "fields": {
        "action_time": "2021-01-11T21:29:39.257Z",
        "user": [
            "djangoadmin"
        ],
        "content_type": [
            "recipe",
            "categorie"
        ],
        "object_id": "4",
        "object_repr": "Fruits",
        "action_flag": 1,
        "change_message": "[{\"added\": {}}]"
    }
},
{
    "model": "admin.logentry",
    "pk": 72,
    "fields": {
        "action_time": "2021-01-11T21:29:49.778Z",
        "user": [
            "djangoadmin"
        ],
        "content_type": [
            "recipe",
            "categorie"
        ],
        "object_id": "5",
        "object_repr": "Légumes",
        "action_flag": 1,
        "change_message": "[{\"added\": {}}]"
    }
},
{
    "model": "admin.logentry",
    "pk": 73,
    "fields": {
        "action_time": "2021-01-11T21:30:01.435Z",
        "user": [
            "djangoadmin"
        ],
        "content_type": [
            "recipe",
            "categorie"
        ],
        "object_id": "6",
        "object_repr": "Beurre",
        "action_flag": 1,
        "change_message": "[{\"added\": {}}]"
    }
},
{
    "model": "admin.logentry",
    "pk": 74,
    "fields": {
        "action_time": "2021-01-11T21:30:25.164Z",
        "user": [
            "djangoadmin"
        ],
        "content_type": [
            "recipe",
            "categorie"
        ],
        "object_id": "7",
        "object_repr": "Oeufs",
        "action_flag": 1,
        "change_message": "[{\"added\": {}}]"
    }
},
{
    "model": "admin.logentry",
    "pk": 75,
    "fields": {
        "action_time": "2021-01-11T21:30:38.269Z",
        "user": [
            "djangoadmin"
        ],
        "content_type": [
            "recipe",
            "categorie"
        ],
        "object_id": "8",
        "object_repr": "Crèmerie",
        "action_flag": 1,
        "change_message": "[{\"added\": {}}]"
    }
},
{
    "model": "admin.logentry",
    "pk": 76,
    "fields": {
        "action_time": "2021-01-11T21:30:53.187Z",
        "user": [
            "djangoadmin"
        ],
        "content_type": [
            "recipe",
            "categorie"
        ],
        "object_id": "9",
        "object_repr": "Fromagerie",
        "action_flag": 1,
        "change_message": "[{\"added\": {}}]"
    }
},
{
    "model": "admin.logentry",
    "pk": 77,
    "fields": {
        "action_time": "2021-01-11T21:34:25.279Z",
        "user": [
            "djangoadmin"
        ],
        "content_type": [
            "recipe",
            "drive"
        ],
        "object_id": "1",
        "object_repr": "Carrefour Drive Toulon Mayol",
        "action_flag": 1,
        "change_message": "[{\"added\": {}}]"
    }
},
{
    "model": "admin.logentry",
    "pk": 78,
    "fields": {
        "action_time": "2021-01-11T21:36:18.999Z",
        "user": [
            "djangoadmin"
        ],
        "content_type": [
            "recipe",
            "drive"
        ],
        "object_id": "2",
        "object_repr": "Drive Intermarché Toulon",
        "action_flag": 1,
        "change_message": "[{\"added\": {}}]"
    }
},
{
    "model": "admin.logentry",
    "pk": 79,
    "fields": {
        "action_time": "2021-01-11T21:37:05.502Z",
        "user": [
            "djangoadmin"
        ],
        "content_type": [
            "recipe",
            "drive"
        ],
        "object_id": "3",
        "object_repr": "Casino Drive Toulon Siblas",
        "action_flag": 1,
        "change_message": "[{\"added\": {}}]"
    }
},
{
    "model": "admin.logentry",
    "pk": 80,
    "fields": {
        "action_time": "2021-01-11T21:38:02.448Z",
        "user": [
            "djangoadmin"
        ],
        "content_type": [
            "recipe",
            "drive"
        ],
        "object_id": "4",
        "object_repr": "Courses U Drive Pierrefeu Du Var",
        "action_flag": 1,
        "change_message": "[{\"added\": {}}]"
    }
},
{
    "model": "admin.logentry",
    "pk": 81,
    "fields": {
        "action_time": "2021-01-11T21:39:02.271Z",
        "user": [
            "djangoadmin"
        ],
        "content_type": [
            "recipe",
            "drive"
        ],
        "object_id": "5",
        "object_repr": "Auchan Drive La Seyne",
        "action_flag": 1,
        "change_message": "[{\"added\": {}}]"
    }
},
{
    "model": "admin.logentry",
    "pk": 82,
    "fields": {
        "action_time": "2021-01-11T21:40:16.939Z",
        "user": [
            "djangoadmin"
        ],
        "content_type": [
            "recipe",
            "drive"
        ],
        "object_id": "6",
        "object_repr": "E. Leclerc Drive Toulon Le piéton",
        "action_flag": 1,
        "change_message": "[{\"added\": {}}]"
    }
},
{
    "model": "admin.logentry",
    "pk": 83,
    "fields": {
        "action_time": "2021-01-11T21:41:09.600Z",
        "user": [
            "djangoadmin"
        ],
        "content_type": [
            "recipe",
            "drive"
        ],
        "object_id": "7",
        "object_repr": "Chronodrive La Garde",
        "action_flag": 1,
        "change_message": "[{\"added\": {}}]"
    }
},
{
    "model": "admin.logentry",
    "pk": 84,
    "fields": {
        "action_time": "2021-01-11T21:45:24.551Z",
        "user": [
            "djangoadmin"
        ],
        "content_type": [
            "recipe",
            "drive"
        ],
        "object_id": "1",
        "object_repr": "Carrefour Drive Toulon Mayol",
        "action_flag": 2,
        "change_message": "[{\"changed\": {\"fields\": [\"Address\"]}}]"
    }
},
{
    "model": "admin.logentry",
    "pk": 85,
    "fields": {
        "action_time": "2021-01-11T21:45:45.964Z",
        "user": [
            "djangoadmin"
        ],
        "content_type": [
            "recipe",
            "drive"
        ],
        "object_id": "2",
        "object_repr": "Drive Intermarché Toulon",
        "action_flag": 2,
        "change_message": "[{\"changed\": {\"fields\": [\"Address\"]}}]"
    }
},
{
    "model": "admin.logentry",
    "pk": 86,
    "fields": {
        "action_time": "2021-01-11T21:46:14.228Z",
        "user": [
            "djangoadmin"
        ],
        "content_type": [
            "recipe",
            "drive"
        ],
        "object_id": "3",
        "object_repr": "Casino Drive Toulon Siblas",
        "action_flag": 2,
        "change_message": "[{\"changed\": {\"fields\": [\"Address\"]}}]"
    }
},
{
    "model": "admin.logentry",
    "pk": 87,
    "fields": {
        "action_time": "2021-01-11T21:46:37.645Z",
        "user": [
            "djangoadmin"
        ],
        "content_type": [
            "recipe",
            "drive"
        ],
        "object_id": "4",
        "object_repr": "Courses U Drive Pierrefeu Du Var",
        "action_flag": 2,
        "change_message": "[{\"changed\": {\"fields\": [\"Address\"]}}]"
    }
},
{
    "model": "admin.logentry",
    "pk": 88,
    "fields": {
        "action_time": "2021-01-11T21:47:02.262Z",
        "user": [
            "djangoadmin"
        ],
        "content_type": [
            "recipe",
            "drive"
        ],
        "object_id": "5",
        "object_repr": "Auchan Drive La Seyne",
        "action_flag": 2,
        "change_message": "[{\"changed\": {\"fields\": [\"Address\"]}}]"
    }
},
{
    "model": "admin.logentry",
    "pk": 89,
    "fields": {
        "action_time": "2021-01-11T21:47:36.490Z",
        "user": [
            "djangoadmin"
        ],
        "content_type": [
            "recipe",
            "drive"
        ],
        "object_id": "6",
        "object_repr": "E. Leclerc Drive Toulon Le piéton",
        "action_flag": 2,
        "change_message": "[{\"changed\": {\"fields\": [\"Address\"]}}]"
    }
},
{
    "model": "admin.logentry",
    "pk": 90,
    "fields": {
        "action_time": "2021-01-11T21:47:57.399Z",
        "user": [
            "djangoadmin"
        ],
        "content_type": [
            "recipe",
            "drive"
        ],
        "object_id": "7",
        "object_repr": "Chronodrive La Garde",
        "action_flag": 2,
        "change_message": "[{\"changed\": {\"fields\": [\"Address\"]}}]"
    }
},
{
    "model": "admin.logentry",
    "pk": 91,
    "fields": {
        "action_time": "2021-01-11T21:48:04.305Z",
        "user": [
            "djangoadmin"
        ],
        "content_type": [
            "recipe",
            "drive"
        ],
        "object_id": "6",
        "object_repr": "E. Leclerc Drive Toulon Le piéton",
        "action_flag": 2,
        "change_message": "[]"
    }
},
{
    "model": "admin.logentry",
    "pk": 92,
    "fields": {
        "action_time": "2021-01-11T21:51:46.164Z",
        "user": [
            "djangoadmin"
        ],
        "content_type": [
            "recipe",
            "ingredient"
        ],
        "object_id": "1",
        "object_repr": "viande de buf 250g",
        "action_flag": 1,
        "change_message": "[{\"added\": {}}]"
    }
},
{
    "model": "admin.logentry",
    "pk": 93,
    "fields": {
        "action_time": "2021-01-11T21:52:17.539Z",
        "user": [
            "djangoadmin"
        ],
        "content_type": [
            "recipe",
            "ingredient"
        ],
        "object_id": "2",
        "object_repr": "Lait demi écrémé",
        "action_flag": 1,
        "change_message": "[{\"added\": {}}]"
    }
},
{
    "model": "admin.logentry",
    "pk": 94,
    "fields": {
        "action_time": "2021-01-11T21:52:45.553Z",
        "user": [
            "djangoadmin"
        ],
        "content_type": [
            "recipe",
            "ingredient"
        ],
        "object_id": "3",
        "object_repr": "Poisson d'eau douce",
        "action_flag": 1,
        "change_message": "[{\"added\": {}}]"
    }
},
{
    "model": "admin.logentry",
    "pk": 95,
    "fields": {
        "action_time": "2021-01-11T21:56:02.978Z",
        "user": [
            "djangoadmin"
        ],
        "content_type": [
            "recipe",
            "ingredient"
        ],
        "object_id": "4",
        "object_repr": "Steak Haché Pur Buf 5% Mg Filiere Qualite Carrefour - la barquette de 4 - 500g",
        "action_flag": 1,
        "change_message": "[{\"added\": {}}]"
    }
},
{
    "model": "admin.logentry",
    "pk": 96,
    "fields": {
        "action_time": "2021-01-11T22:02:57.340Z",
        "user": [
            "djangoadmin"
        ],
        "content_type": [
            "recipe",
            "drive_ingredient"
        ],
        "object_id": "1",
        "object_repr": "Drive_Ingredient object (1)",
        "action_flag": 1,
        "change_message": "[{\"added\": {}}]"
    }
},
{
    "model": "admin.logentry",
    "pk": 97,
    "fields": {
        "action_time": "2021-01-11T22:03:24.304Z",
        "user": [
            "djangoadmin"
        ],
        "content_type": [
            "recipe",
            "drive_ingredient"
        ],
        "object_id": "2",
        "object_repr": "Drive_Ingredient object (2)",
        "action_flag": 1,
        "change_message": "[{\"added\": {}}]"
    }
},
{
    "model": "admin.logentry",
    "pk": 98,
    "fields": {
        "action_time": "2021-01-11T22:07:13.087Z",
        "user": [
            "djangoadmin"
        ],
        "content_type": [
            "recipe",
            "drive_ingredient"
        ],
        "object_id": "3",
        "object_repr": "Drive_Ingredient object (3)",
        "action_flag": 1,
        "change_message": "[{\"added\": {}}]"
    }
},
{
    "model": "admin.logentry",
    "pk": 99,
    "fields": {
        "action_time": "2021-01-12T22:57:15.846Z",
        "user": [
            "djangoadmin"
        ],
        "content_type": [
            "recipe",
            "ingredient"
        ],
        "object_id": "1",
        "object_repr": "1 Pavé de Saumon 100g",
        "action_flag": 2,
        "change_message": "[{\"changed\": {\"fields\": [\"Name\", \"Image\", \"Categorie\"]}}]"
    }
},
{
    "model": "admin.logentry",
    "pk": 100,
    "fields": {
        "action_time": "2021-01-12T22:57:55.402Z",
        "user": [
            "djangoadmin"
        ],
        "content_type": [
            "recipe",
            "ingredient"
        ],
        "object_id": "2",
        "object_repr": "100g de pomme de terre",
        "action_flag": 2,
        "change_message": "[{\"changed\": {\"fields\": [\"Name\", \"Image\", \"Categorie\"]}}]"
    }
},
{
    "model": "admin.logentry",
    "pk": 101,
    "fields": {
        "action_time": "2021-01-12T23:06:19.987Z",
        "user": [
            "djangoadmin"
        ],
        "content_type": [
            "recipe",
            "ingredient"
        ],
        "object_id": "2",
        "object_repr": "100g de pomme de terre",
        "action_flag": 2,
        "change_message": "[{\"changed\": {\"fields\": [\"Image\"]}}]"
    }
},
{
    "model": "admin.logentry",
    "pk": 102,
    "fields": {
        "action_time": "2021-01-12T23:10:02.231Z",
        "user": [
            "djangoadmin"
        ],
        "content_type": [
            "recipe",
            "ingredient"
        ],
        "object_id": "3",
        "object_repr": "200g de choucroute crue",
        "action_flag": 2,
        "change_message": "[{\"changed\": {\"fields\": [\"Name\", \"Image\", \"Categorie\"]}}]"
    }
},
{
    "model": "admin.logentry",
    "pk": 103,
    "fields": {
        "action_time": "2021-01-12T23:10:43.014Z",
        "user": [
            "djangoadmin"
        ],
        "content_type": [
            "recipe",
            "ingredient"
        ],
        "object_id": "4",
        "object_repr": "1/2 Oignon",
        "action_flag": 2,
        "change_message": "[{\"changed\": {\"fields\": [\"Name\", \"Image\", \"Categorie\"]}}]"
    }
},
{
    "model": "admin.logentry",
    "pk": 104,
    "fields": {
        "action_time": "2021-01-12T23:11:37.698Z",
        "user": [
            "djangoadmin"
        ],
        "content_type": [
            "recipe",
            "ingredient"
        ],
        "object_id": "5",
        "object_repr": "1 Feuille de laurier",
        "action_flag": 1,
        "change_message": "[{\"added\": {}}]"
    }
},
{
    "model": "admin.logentry",
    "pk": 105,
    "fields": {
        "action_time": "2021-01-12T23:12:55.947Z",
        "user": [
            "djangoadmin"
        ],
        "content_type": [
            "recipe",
            "categorie"
        ],
        "object_id": "10",
        "object_repr": "Epices",
        "action_flag": 1,
        "change_message": "[{\"added\": {}}]"
    }
},
{
    "model": "admin.logentry",
    "pk": 106,
    "fields": {
        "action_time": "2021-01-12T23:13:10.683Z",
        "user": [
            "djangoadmin"
        ],
        "content_type": [
            "recipe",
            "ingredient"
        ],
        "object_id": "6",
        "object_repr": "Sel",
        "action_flag": 1,
        "change_message": "[{\"added\": {}}]"
    }
},
{
    "model": "admin.logentry",
    "pk": 107,
    "fields": {
        "action_time": "2021-01-12T23:13:28.155Z",
        "user": [
            "djangoadmin"
        ],
        "content_type": [
            "recipe",
            "ingredient"
        ],
        "object_id": "7",
        "object_repr": "Poivre",
        "action_flag": 1,
        "change_message": "[{\"added\": {}}]"
    }
},
{
    "model": "admin.logentry",
    "pk": 108,
    "fields": {
        "action_time": "2021-01-12T23:14:01.475Z",
        "user": [
            "djangoadmin"
        ],
        "content_type": [
            "recipe",
            "ingredient"
        ],
        "object_id": "8",
        "object_repr": "Citron",
        "action_flag": 1,
        "change_message": "[{\"added\": {}}]"
    }
},
{
    "model": "admin.logentry",
    "pk": 109,
    "fields": {
        "action_time": "2021-01-12T23:14:35.059Z",
        "user": [
            "djangoadmin"
        ],
        "content_type": [
            "recipe",
            "ingredient"
        ],
        "object_id": "9",
        "object_repr": "1 Pincee de Graines de Chia",
        "action_flag": 1,
        "change_message": "[{\"added\": {}}]"
    }
},
{
    "model": "admin.logentry",
    "pk": 110,
    "fields": {
        "action_time": "2021-01-12T23:30:11.436Z",
        "user": [
            "djangoadmin"
        ],
        "content_type": [
            "recipe",
            "ingredient"
        ],
        "object_id": "10",
        "object_repr": "10 oeufs",
        "action_flag": 1,
        "change_message": "[{\"added\": {}}]"
    }
},
{
    "model": "admin.logentry",
    "pk": 111,
    "fields": {
        "action_time": "2021-01-12T23:31:00.253Z",
        "user": [
            "djangoadmin"
        ],
        "content_type": [
            "recipe",
            "ingredient"
        ],
        "object_id": "11",
        "object_repr": "Gruyère râpé",
        "action_flag": 1,
        "change_message": "[{\"added\": {}}]"
    }
},
{
    "model": "admin.logentry",
    "pk": 112,
    "fields": {
        "action_time": "2021-01-12T23:31:12.158Z",
        "user": [
            "djangoadmin"
        ],
        "content_type": [
            "recipe",
            "ingredient"
        ],
        "object_id": "9",
        "object_repr": "Graines de Chia",
        "action_flag": 2,
        "change_message": "[{\"changed\": {\"fields\": [\"Name\"]}}]"
    }
},
{
    "model": "admin.logentry",
    "pk": 113,
    "fields": {
        "action_time": "2021-01-12T23:31:34.794Z",
        "user": [
            "djangoadmin"
        ],
        "content_type": [
            "recipe",
            "ingredient"
        ],
        "object_id": "5",
        "object_repr": "Feuille de laurier",
        "action_flag": 2,
        "change_message": "[{\"changed\": {\"fields\": [\"Name\"]}}]"
    }
},
{
    "model": "admin.logentry",
    "pk": 114,
    "fields": {
        "action_time": "2021-01-12T23:31:54.398Z",
        "user": [
            "djangoadmin"
        ],
        "content_type": [
            "recipe",
            "ingredient"
        ],
        "object_id": "4",
        "object_repr": "Oignons",
        "action_flag": 2,
        "change_message": "[{\"changed\": {\"fields\": [\"Name\"]}}]"
    }
},
{
    "model": "admin.logentry",
    "pk": 115,
    "fields": {
        "action_time": "2021-01-12T23:32:06.428Z",
        "user": [
            "djangoadmin"
        ],
        "content_type": [
            "recipe",
            "ingredient"
        ],
        "object_id": "3",
        "object_repr": "Choucroute crue",
        "action_flag": 2,
        "change_message": "[{\"changed\": {\"fields\": [\"Name\"]}}]"
    }
},
{
    "model": "admin.logentry",
    "pk": 116,
    "fields": {
        "action_time": "2021-01-12T23:32:15.145Z",
        "user": [
            "djangoadmin"
        ],
        "content_type": [
            "recipe",
            "ingredient"
        ],
        "object_id": "2",
        "object_repr": "Pomme de terre",
        "action_flag": 2,
        "change_message": "[{\"changed\": {\"fields\": [\"Name\"]}}]"
    }
},
{
    "model": "admin.logentry",
    "pk": 117,
    "fields": {
        "action_time": "2021-01-12T23:32:29.629Z",
        "user": [
            "djangoadmin"
        ],
        "content_type": [
            "recipe",
            "ingredient"
        ],
        "object_id": "1",
        "object_repr": "Pavé de Saumon",
        "action_flag": 2,
        "change_message": "[{\"changed\": {\"fields\": [\"Name\"]}}]"
    }
},
{
    "model": "admin.logentry",
    "pk": 118,
    "fields": {
        "action_time": "2021-01-12T23:33:57.309Z",
        "user": [
            "djangoadmin"
        ],
        "content_type": [
            "recipe",
            "ingredient"
        ],
        "object_id": "11",
        "object_repr": "Gruyère râpé",
        "action_flag": 2,
        "change_message": "[]"
    }
},
{
    "model": "admin.logentry",
    "pk": 119,
    "fields": {
        "action_time": "2021-01-13T00:25:20.830Z",
        "user": [
            "djangoadmin"
        ],
        "content_type": [
            "recipe",
            "recipe"
        ],
        "object_id": "1",
        "object_repr": "Recipe object (1)",
        "action_flag": 1,
        "change_message": "[{\"added\": {}}]"
    }
},
{
    "model": "admin.logentry",
    "pk": 120,
    "fields": {
        "action_time": "2021-01-13T00:35:55.295Z",
        "user": [
            "djangoadmin"
        ],
        "content_type": [
            "recipe",
            "ingredient"
        ],
        "object_id": "12",
        "object_repr": "Huile d'olive",
        "action_flag": 1,
        "change_message": "[{\"added\": {}}]"
    }
},
{
    "model": "admin.logentry",
    "pk": 121,
    "fields": {
        "action_time": "2021-01-13T00:37:28.421Z",
        "user": [
            "djangoadmin"
        ],
        "content_type": [
            "recipe",
            "recipe"
        ],
        "object_id": "2",
        "object_repr": "Recipe object (2)",
        "action_flag": 1,
        "change_message": "[{\"added\": {}}]"
    }
},
{
    "model": "admin.logentry",
    "pk": 122,
    "fields": {
        "action_time": "2021-01-14T01:52:23.936Z",
        "user": [
            "djangoadmin"
        ],
        "content_type": [
            "recipe",
            "recipe"
        ],
        "object_id": "2",
        "object_repr": "Recipe object (2)",
        "action_flag": 2,
        "change_message": "[{\"changed\": {\"fields\": [\"Origine\"]}}]"
    }
},
{
    "model": "admin.logentry",
    "pk": 123,
    "fields": {
        "action_time": "2021-01-14T17:42:49.944Z",
        "user": [
            "djangoadmin"
        ],
        "content_type": [
            "recipe",
            "ingredient"
        ],
        "object_id": "13",
        "object_repr": "aaaaaaaaaaaaaaaaaaaaaaaaaaaaaaaaaaaaaaaaaaaaaaaaaaaaavvvvvvvvvvvvvvvvvvvvvvvvvvv11111111111111111111",
        "action_flag": 1,
        "change_message": "[{\"added\": {}}]"
    }
},
{
    "model": "admin.logentry",
    "pk": 124,
    "fields": {
        "action_time": "2021-01-14T17:44:32.167Z",
        "user": [
            "djangoadmin"
        ],
        "content_type": [
            "recipe",
            "ingredient"
        ],
        "object_id": "13",
        "object_repr": "aaaaaaaaaaaaaaaaaaaaaaaaaaaaaaaaaaaaaaaaaaaaaaaaaaaaavvvvvvvvvvvvvvvvvvvvvvvvvvv11111111111111111111",
        "action_flag": 3,
        "change_message": ""
    }
},
{
    "model": "admin.logentry",
    "pk": 125,
    "fields": {
        "action_time": "2021-01-14T20:35:57.892Z",
        "user": [
            "djangoadmin"
        ],
        "content_type": [
            "pages",
            "service"
        ],
        "object_id": "9",
        "object_repr": "Trusted Agents",
        "action_flag": 2,
        "change_message": "[]"
    }
},
{
    "model": "admin.logentry",
    "pk": 126,
    "fields": {
        "action_time": "2021-01-14T20:36:30.037Z",
        "user": [
            "djangoadmin"
        ],
        "content_type": [
            "pages",
            "service"
        ],
        "object_id": "1",
        "object_repr": "Free Support",
        "action_flag": 2,
        "change_message": "[{\"changed\": {\"fields\": [\"Icone\"]}}]"
    }
},
{
    "model": "admin.logentry",
    "pk": 127,
    "fields": {
        "action_time": "2021-01-14T20:38:34.445Z",
        "user": [
            "djangoadmin"
        ],
        "content_type": [
            "pages",
            "service"
        ],
        "object_id": "2",
        "object_repr": "Super Fast",
        "action_flag": 2,
        "change_message": "[{\"changed\": {\"fields\": [\"Icone\"]}}]"
    }
},
{
    "model": "admin.logentry",
    "pk": 128,
    "fields": {
        "action_time": "2021-01-14T20:39:00.014Z",
        "user": [
            "djangoadmin"
        ],
        "content_type": [
            "pages",
            "service"
        ],
        "object_id": "3",
        "object_repr": "Repairing",
        "action_flag": 2,
        "change_message": "[{\"changed\": {\"fields\": [\"Icone\"]}}]"
    }
},
{
    "model": "admin.logentry",
    "pk": 129,
    "fields": {
        "action_time": "2021-01-14T20:40:11.043Z",
        "user": [
            "djangoadmin"
        ],
        "content_type": [
            "pages",
            "service"
        ],
        "object_id": "5",
        "object_repr": "Oil Change",
        "action_flag": 2,
        "change_message": "[{\"changed\": {\"fields\": [\"Icone\"]}}]"
    }
},
{
    "model": "admin.logentry",
    "pk": 130,
    "fields": {
        "action_time": "2021-01-14T20:41:37.488Z",
        "user": [
            "djangoadmin"
        ],
        "content_type": [
            "pages",
            "service"
        ],
        "object_id": "6",
        "object_repr": "Dealership",
        "action_flag": 2,
        "change_message": "[{\"changed\": {\"fields\": [\"Icone\"]}}]"
    }
},
{
    "model": "admin.logentry",
    "pk": 131,
    "fields": {
        "action_time": "2021-01-14T20:43:29.090Z",
        "user": [
            "djangoadmin"
        ],
        "content_type": [
            "pages",
            "service"
        ],
        "object_id": "7",
        "object_repr": "Engine Repair",
        "action_flag": 2,
        "change_message": "[{\"changed\": {\"fields\": [\"Icone\"]}}]"
    }
},
{
    "model": "admin.logentry",
    "pk": 132,
    "fields": {
        "action_time": "2021-01-14T20:44:23.783Z",
        "user": [
            "djangoadmin"
        ],
        "content_type": [
            "pages",
            "service"
        ],
        "object_id": "7",
        "object_repr": "Engine Repair",
        "action_flag": 2,
        "change_message": "[{\"changed\": {\"fields\": [\"Icone\"]}}]"
    }
},
{
    "model": "admin.logentry",
    "pk": 133,
    "fields": {
        "action_time": "2021-01-14T21:02:49.407Z",
        "user": [
            "djangoadmin"
        ],
        "content_type": [
            "pages",
            "service"
        ],
        "object_id": "7",
        "object_repr": "Engine Repair",
        "action_flag": 2,
        "change_message": "[{\"changed\": {\"fields\": [\"Icone\"]}}]"
    }
},
{
    "model": "admin.logentry",
    "pk": 134,
    "fields": {
        "action_time": "2021-01-15T15:35:18.483Z",
        "user": [
            "djangoadmin"
        ],
        "content_type": [
            "pages",
            "aboutdesc"
        ],
        "object_id": "2",
        "object_repr": "Bienvenue sur",
        "action_flag": 2,
        "change_message": "[{\"changed\": {\"fields\": [\"Titre1\", \"Description\"]}}]"
    }
},
{
    "model": "admin.logentry",
    "pk": 135,
    "fields": {
        "action_time": "2021-01-15T15:57:45.527Z",
        "user": [
            "djangoadmin"
        ],
        "content_type": [
            "pages",
            "slider"
        ],
        "object_id": "3",
        "object_repr": "Des idées de recettes",
        "action_flag": 2,
        "change_message": "[{\"changed\": {\"fields\": [\"Titre\", \"Description\"]}}]"
    }
},
{
    "model": "admin.logentry",
    "pk": 136,
    "fields": {
        "action_time": "2021-01-15T15:59:47.405Z",
        "user": [
            "djangoadmin"
        ],
        "content_type": [
            "pages",
            "slider"
        ],
        "object_id": "1",
        "object_repr": "WOW FACTOR STANDARD",
        "action_flag": 2,
        "change_message": "[{\"changed\": {\"fields\": [\"Description\"]}}]"
    }
},
{
    "model": "admin.logentry",
    "pk": 137,
    "fields": {
        "action_time": "2021-01-15T15:59:57.095Z",
        "user": [
            "djangoadmin"
        ],
        "content_type": [
            "pages",
            "slider"
        ],
        "object_id": "1",
        "object_repr": "Des idées de recettes",
        "action_flag": 2,
        "change_message": "[{\"changed\": {\"fields\": [\"Titre\"]}}]"
    }
},
{
    "model": "admin.logentry",
    "pk": 138,
    "fields": {
        "action_time": "2021-01-15T16:00:36.694Z",
        "user": [
            "djangoadmin"
        ],
        "content_type": [
            "pages",
            "slider"
        ],
        "object_id": "3",
        "object_repr": "Les ingrédients au meilleur prix",
        "action_flag": 2,
        "change_message": "[{\"changed\": {\"fields\": [\"Titre\", \"Description\"]}}]"
    }
},
{
    "model": "admin.logentry",
    "pk": 139,
    "fields": {
        "action_time": "2021-01-15T16:00:51.654Z",
        "user": [
            "djangoadmin"
        ],
        "content_type": [
            "pages",
            "slider"
        ],
        "object_id": "2",
        "object_repr": "EXPLORE YOUR DREAM CAR",
        "action_flag": 3,
        "change_message": ""
    }
},
{
    "model": "admin.logentry",
    "pk": 140,
    "fields": {
        "action_time": "2021-01-15T16:06:03.650Z",
        "user": [
            "djangoadmin"
        ],
        "content_type": [
            "pages",
            "slider"
        ],
        "object_id": "1",
        "object_repr": "Des idées de recettes",
        "action_flag": 2,
        "change_message": "[{\"changed\": {\"fields\": [\"Description\"]}}]"
    }
},
{
    "model": "admin.logentry",
    "pk": 141,
    "fields": {
        "action_time": "2021-01-15T16:06:08.962Z",
        "user": [
            "djangoadmin"
        ],
        "content_type": [
            "pages",
            "slider"
        ],
        "object_id": "1",
        "object_repr": "Des idées de recettes",
        "action_flag": 2,
        "change_message": "[]"
    }
},
{
    "model": "admin.logentry",
    "pk": 142,
    "fields": {
        "action_time": "2021-01-15T17:02:49.061Z",
        "user": [
            "djangoadmin"
        ],
        "content_type": [
            "pages",
            "aboutdesc"
        ],
        "object_id": "2",
        "object_repr": "Bienvenue sur",
        "action_flag": 2,
        "change_message": "[{\"changed\": {\"fields\": [\"Description\"]}}]"
    }
},
{
    "model": "admin.logentry",
    "pk": 143,
    "fields": {
        "action_time": "2021-01-15T17:03:15.729Z",
        "user": [
            "djangoadmin"
        ],
        "content_type": [
            "pages",
            "aboutdesc"
        ],
        "object_id": "2",
        "object_repr": "Bienvenue sur",
        "action_flag": 2,
        "change_message": "[{\"changed\": {\"fields\": [\"Description\"]}}]"
    }
},
{
    "model": "admin.logentry",
    "pk": 144,
    "fields": {
        "action_time": "2021-01-16T14:36:15.416Z",
        "user": [
            "djangoadmin"
        ],
        "content_type": [
            "pages",
            "service"
        ],
        "object_id": "8",
        "object_repr": "Sécurité",
        "action_flag": 2,
        "change_message": "[{\"changed\": {\"fields\": [\"Titre\", \"Description\"]}}]"
    }
},
{
    "model": "admin.logentry",
    "pk": 145,
    "fields": {
        "action_time": "2021-01-16T14:36:52.492Z",
        "user": [
            "djangoadmin"
        ],
        "content_type": [
            "pages",
            "service"
        ],
        "object_id": "1",
        "object_repr": "Assistance",
        "action_flag": 2,
        "change_message": "[{\"changed\": {\"fields\": [\"Titre\", \"Description\"]}}]"
    }
},
{
    "model": "admin.logentry",
    "pk": 146,
    "fields": {
        "action_time": "2021-01-16T14:38:52.683Z",
        "user": [
            "djangoadmin"
        ],
        "content_type": [
            "pages",
            "service"
        ],
        "object_id": "3",
        "object_repr": "Faites des économies",
        "action_flag": 2,
        "change_message": "[{\"changed\": {\"fields\": [\"Icone\", \"Titre\", \"Description\"]}}]"
    }
},
{
    "model": "admin.logentry",
    "pk": 147,
    "fields": {
        "action_time": "2021-01-16T14:39:13.584Z",
        "user": [
            "djangoadmin"
        ],
        "content_type": [
            "pages",
            "service"
        ],
        "object_id": "3",
        "object_repr": "Faites des économies",
        "action_flag": 2,
        "change_message": "[{\"changed\": {\"fields\": [\"Icone\"]}}]"
    }
},
{
    "model": "admin.logentry",
    "pk": 148,
    "fields": {
        "action_time": "2021-01-16T14:43:48.530Z",
        "user": [
            "djangoadmin"
        ],
        "content_type": [
            "pages",
            "service"
        ],
        "object_id": "3",
        "object_repr": "Faites des économies",
        "action_flag": 2,
        "change_message": "[{\"changed\": {\"fields\": [\"Icone\"]}}]"
    }
},
{
    "model": "admin.logentry",
    "pk": 149,
    "fields": {
        "action_time": "2021-01-16T14:44:08.772Z",
        "user": [
            "djangoadmin"
        ],
        "content_type": [
            "pages",
            "service"
        ],
        "object_id": "3",
        "object_repr": "Faites des économies",
        "action_flag": 2,
        "change_message": "[]"
    }
},
{
    "model": "admin.logentry",
    "pk": 150,
    "fields": {
        "action_time": "2021-01-16T14:48:03.955Z",
        "user": [
            "djangoadmin"
        ],
        "content_type": [
            "pages",
            "service"
        ],
        "object_id": "3",
        "object_repr": "Faites des économies",
        "action_flag": 2,
        "change_message": "[{\"changed\": {\"fields\": [\"Icone\"]}}]"
    }
},
{
    "model": "admin.logentry",
    "pk": 151,
    "fields": {
        "action_time": "2021-01-16T14:48:30.207Z",
        "user": [
            "djangoadmin"
        ],
        "content_type": [
            "pages",
            "service"
        ],
        "object_id": "3",
        "object_repr": "Faites des économies",
        "action_flag": 2,
        "change_message": "[{\"changed\": {\"fields\": [\"Icone\"]}}]"
    }
},
{
    "model": "admin.logentry",
    "pk": 152,
    "fields": {
        "action_time": "2021-01-16T15:02:58.669Z",
        "user": [
            "djangoadmin"
        ],
        "content_type": [
            "pages",
            "service"
        ],
        "object_id": "3",
        "object_repr": "Faites des économies",
        "action_flag": 2,
        "change_message": "[{\"changed\": {\"fields\": [\"Icone\"]}}]"
    }
},
{
    "model": "admin.logentry",
    "pk": 153,
    "fields": {
        "action_time": "2021-01-16T15:04:30.221Z",
        "user": [
            "djangoadmin"
        ],
        "content_type": [
            "pages",
            "service"
        ],
        "object_id": "4",
        "object_repr": "Des suggestions adaptées",
        "action_flag": 2,
        "change_message": "[{\"changed\": {\"fields\": [\"Titre\", \"Description\"]}}]"
    }
},
{
    "model": "admin.logentry",
    "pk": 154,
    "fields": {
        "action_time": "2021-01-16T15:09:37.220Z",
        "user": [
            "djangoadmin"
        ],
        "content_type": [
            "pages",
            "service"
        ],
        "object_id": "5",
        "object_repr": "De nombreuses recettes",
        "action_flag": 2,
        "change_message": "[{\"changed\": {\"fields\": [\"Titre\", \"Description\"]}}]"
    }
},
{
    "model": "admin.logentry",
    "pk": 155,
    "fields": {
        "action_time": "2021-01-16T15:12:18.884Z",
        "user": [
            "djangoadmin"
        ],
        "content_type": [
            "pages",
            "service"
        ],
        "object_id": "6",
        "object_repr": "Dealership",
        "action_flag": 2,
        "change_message": "[{\"changed\": {\"fields\": [\"Description\"]}}]"
    }
},
{
    "model": "admin.logentry",
    "pk": 156,
    "fields": {
        "action_time": "2021-01-16T15:13:35.467Z",
        "user": [
            "djangoadmin"
        ],
        "content_type": [
            "pages",
            "service"
        ],
        "object_id": "6",
        "object_repr": "Une solution clé en main",
        "action_flag": 2,
        "change_message": "[{\"changed\": {\"fields\": [\"Titre\", \"Description\"]}}]"
    }
},
{
    "model": "admin.logentry",
    "pk": 157,
    "fields": {
        "action_time": "2021-01-16T15:13:51.919Z",
        "user": [
            "djangoadmin"
        ],
        "content_type": [
            "pages",
            "service"
        ],
        "object_id": "6",
        "object_repr": "Une solution clé en main",
        "action_flag": 2,
        "change_message": "[{\"changed\": {\"fields\": [\"Description\"]}}]"
    }
},
{
    "model": "admin.logentry",
    "pk": 158,
    "fields": {
        "action_time": "2021-01-16T15:14:11.343Z",
        "user": [
            "djangoadmin"
        ],
        "content_type": [
            "pages",
            "service"
        ],
        "object_id": "9",
        "object_repr": "Trusted Agents",
        "action_flag": 3,
        "change_message": ""
    }
},
{
    "model": "admin.logentry",
    "pk": 159,
    "fields": {
        "action_time": "2021-01-16T15:14:15.413Z",
        "user": [
            "djangoadmin"
        ],
        "content_type": [
            "pages",
            "service"
        ],
        "object_id": "7",
        "object_repr": "Engine Repair",
        "action_flag": 3,
        "change_message": ""
    }
},
{
    "model": "admin.logentry",
    "pk": 160,
    "fields": {
        "action_time": "2021-01-16T15:14:18.871Z",
        "user": [
            "djangoadmin"
        ],
        "content_type": [
            "pages",
            "service"
        ],
        "object_id": "2",
        "object_repr": "Super Fast",
        "action_flag": 3,
        "change_message": ""
    }
},
{
    "model": "admin.logentry",
    "pk": 161,
    "fields": {
        "action_time": "2021-01-16T15:14:30.747Z",
        "user": [
            "djangoadmin"
        ],
        "content_type": [
            "pages",
            "service"
        ],
        "object_id": "6",
        "object_repr": "Une solution clé en main",
        "action_flag": 2,
        "change_message": "[{\"changed\": {\"fields\": [\"Numero\"]}}]"
    }
},
{
    "model": "admin.logentry",
    "pk": 162,
    "fields": {
        "action_time": "2021-01-16T15:14:35.171Z",
        "user": [
            "djangoadmin"
        ],
        "content_type": [
            "pages",
            "service"
        ],
        "object_id": "5",
        "object_repr": "De nombreuses recettes",
        "action_flag": 2,
        "change_message": "[{\"changed\": {\"fields\": [\"Numero\"]}}]"
    }
},
{
    "model": "admin.logentry",
    "pk": 163,
    "fields": {
        "action_time": "2021-01-16T15:14:39.276Z",
        "user": [
            "djangoadmin"
        ],
        "content_type": [
            "pages",
            "service"
        ],
        "object_id": "4",
        "object_repr": "Des suggestions adaptées",
        "action_flag": 2,
        "change_message": "[{\"changed\": {\"fields\": [\"Numero\"]}}]"
    }
},
{
    "model": "admin.logentry",
    "pk": 164,
    "fields": {
        "action_time": "2021-01-16T15:14:43.023Z",
        "user": [
            "djangoadmin"
        ],
        "content_type": [
            "pages",
            "service"
        ],
        "object_id": "3",
        "object_repr": "Faites des économies",
        "action_flag": 2,
        "change_message": "[{\"changed\": {\"fields\": [\"Numero\"]}}]"
    }
},
{
    "model": "admin.logentry",
    "pk": 165,
    "fields": {
        "action_time": "2021-01-16T15:14:48.491Z",
        "user": [
            "djangoadmin"
        ],
        "content_type": [
            "pages",
            "service"
        ],
        "object_id": "8",
        "object_repr": "Sécurité",
        "action_flag": 2,
        "change_message": "[{\"changed\": {\"fields\": [\"Numero\"]}}]"
    }
},
{
    "model": "admin.logentry",
    "pk": 166,
    "fields": {
        "action_time": "2021-01-16T15:14:51.510Z",
        "user": [
            "djangoadmin"
        ],
        "content_type": [
            "pages",
            "service"
        ],
        "object_id": "1",
        "object_repr": "Assistance",
        "action_flag": 2,
        "change_message": "[{\"changed\": {\"fields\": [\"Numero\"]}}]"
    }
},
{
    "model": "admin.logentry",
    "pk": 167,
    "fields": {
        "action_time": "2021-01-16T15:23:52.722Z",
        "user": [
            "djangoadmin"
        ],
        "content_type": [
            "pages",
            "service"
        ],
        "object_id": "3",
        "object_repr": "Faites des économies",
        "action_flag": 2,
        "change_message": "[{\"changed\": {\"fields\": [\"Icone\"]}}]"
    }
},
{
    "model": "admin.logentry",
    "pk": 168,
    "fields": {
        "action_time": "2021-01-16T15:30:30.215Z",
        "user": [
            "djangoadmin"
        ],
        "content_type": [
            "pages",
            "service"
        ],
        "object_id": "4",
        "object_repr": "Des suggestions adaptées",
        "action_flag": 2,
        "change_message": "[{\"changed\": {\"fields\": [\"Icone\"]}}]"
    }
},
{
    "model": "admin.logentry",
    "pk": 169,
    "fields": {
        "action_time": "2021-01-16T15:31:52.139Z",
        "user": [
            "djangoadmin"
        ],
        "content_type": [
            "pages",
            "service"
        ],
        "object_id": "5",
        "object_repr": "De nombreuses recettes",
        "action_flag": 2,
        "change_message": "[{\"changed\": {\"fields\": [\"Icone\"]}}]"
    }
},
{
    "model": "admin.logentry",
    "pk": 170,
    "fields": {
        "action_time": "2021-01-16T15:38:01.809Z",
        "user": [
            "djangoadmin"
        ],
        "content_type": [
            "pages",
            "service"
        ],
        "object_id": "1",
        "object_repr": "Assistance",
        "action_flag": 2,
        "change_message": "[{\"changed\": {\"fields\": [\"Description\"]}}]"
    }
},
{
    "model": "admin.logentry",
    "pk": 171,
    "fields": {
        "action_time": "2021-01-16T15:38:09.354Z",
        "user": [
            "djangoadmin"
        ],
        "content_type": [
            "pages",
            "service"
        ],
        "object_id": "8",
        "object_repr": "Sécurité",
        "action_flag": 2,
        "change_message": "[]"
    }
},
{
    "model": "admin.logentry",
    "pk": 172,
    "fields": {
        "action_time": "2021-01-16T15:38:13.572Z",
        "user": [
            "djangoadmin"
        ],
        "content_type": [
            "pages",
            "service"
        ],
        "object_id": "6",
        "object_repr": "Une solution clé en main",
        "action_flag": 2,
        "change_message": "[]"
    }
},
{
    "model": "admin.logentry",
    "pk": 173,
    "fields": {
        "action_time": "2021-01-16T15:38:16.368Z",
        "user": [
            "djangoadmin"
        ],
        "content_type": [
            "pages",
            "service"
        ],
        "object_id": "5",
        "object_repr": "De nombreuses recettes",
        "action_flag": 2,
        "change_message": "[]"
    }
},
{
    "model": "admin.logentry",
    "pk": 174,
    "fields": {
        "action_time": "2021-01-16T15:38:18.544Z",
        "user": [
            "djangoadmin"
        ],
        "content_type": [
            "pages",
            "service"
        ],
        "object_id": "4",
        "object_repr": "Des suggestions adaptées",
        "action_flag": 2,
        "change_message": "[]"
    }
},
{
    "model": "admin.logentry",
    "pk": 175,
    "fields": {
        "action_time": "2021-01-16T15:38:21.057Z",
        "user": [
            "djangoadmin"
        ],
        "content_type": [
            "pages",
            "service"
        ],
        "object_id": "3",
        "object_repr": "Faites des économies",
        "action_flag": 2,
        "change_message": "[]"
    }
},
{
    "model": "admin.logentry",
    "pk": 176,
    "fields": {
        "action_time": "2021-01-16T15:38:25.803Z",
        "user": [
            "djangoadmin"
        ],
        "content_type": [
            "pages",
            "service"
        ],
        "object_id": "8",
        "object_repr": "Sécurité",
        "action_flag": 2,
        "change_message": "[]"
    }
},
{
    "model": "admin.logentry",
    "pk": 177,
    "fields": {
        "action_time": "2021-01-16T15:38:27.890Z",
        "user": [
            "djangoadmin"
        ],
        "content_type": [
            "pages",
            "service"
        ],
        "object_id": "1",
        "object_repr": "Assistance",
        "action_flag": 2,
        "change_message": "[]"
    }
},
{
    "model": "admin.logentry",
    "pk": 178,
    "fields": {
        "action_time": "2021-01-17T10:53:06.449Z",
        "user": [
            "djangoadmin"
        ],
        "content_type": [
            "recipe",
            "ingredient"
        ],
        "object_id": "14",
        "object_repr": "Veau",
        "action_flag": 1,
        "change_message": "[{\"added\": {}}]"
    }
},
{
    "model": "admin.logentry",
    "pk": 179,
    "fields": {
        "action_time": "2021-01-17T10:55:19.307Z",
        "user": [
            "djangoadmin"
        ],
        "content_type": [
            "recipe",
            "recipe"
        ],
        "object_id": "3",
        "object_repr": "Recipe object (3)",
        "action_flag": 1,
        "change_message": "[{\"added\": {}}]"
    }
},
{
    "model": "admin.logentry",
    "pk": 180,
    "fields": {
        "action_time": "2021-01-17T10:57:25.937Z",
        "user": [
            "djangoadmin"
        ],
        "content_type": [
            "recipe",
            "ingredient"
        ],
        "object_id": "15",
        "object_repr": "Champignon",
        "action_flag": 1,
        "change_message": "[{\"added\": {}}]"
    }
},
{
    "model": "admin.logentry",
    "pk": 181,
    "fields": {
        "action_time": "2021-01-17T10:58:35.070Z",
        "user": [
            "djangoadmin"
        ],
        "content_type": [
            "recipe",
            "ingredient"
        ],
        "object_id": "16",
        "object_repr": "Crème fraîche épaisse",
        "action_flag": 1,
        "change_message": "[{\"added\": {}}]"
    }
},
{
    "model": "admin.logentry",
    "pk": 182,
    "fields": {
        "action_time": "2021-01-17T10:59:08.886Z",
        "user": [
            "djangoadmin"
        ],
        "content_type": [
            "recipe",
            "ingredient"
        ],
        "object_id": "17",
        "object_repr": "Bouillon de volaille",
        "action_flag": 1,
        "change_message": "[{\"added\": {}}]"
    }
},
{
    "model": "admin.logentry",
    "pk": 183,
    "fields": {
        "action_time": "2021-01-17T10:59:25.193Z",
        "user": [
            "djangoadmin"
        ],
        "content_type": [
            "recipe",
            "recipe"
        ],
        "object_id": "3",
        "object_repr": "Recipe object (3)",
        "action_flag": 2,
        "change_message": "[{\"changed\": {\"fields\": [\"Ingredients\"]}}]"
    }
},
{
    "model": "admin.logentry",
    "pk": 184,
    "fields": {
        "action_time": "2021-01-17T11:06:31.949Z",
        "user": [
            "djangoadmin"
        ],
        "content_type": [
            "recipe",
            "ingredient"
        ],
        "object_id": "18",
        "object_repr": "Beurre",
        "action_flag": 1,
        "change_message": "[{\"added\": {}}]"
    }
},
{
    "model": "admin.logentry",
    "pk": 185,
    "fields": {
        "action_time": "2021-01-17T11:06:46.488Z",
        "user": [
            "djangoadmin"
        ],
        "content_type": [
            "recipe",
            "ingredient"
        ],
        "object_id": "19",
        "object_repr": "Ail",
        "action_flag": 1,
        "change_message": "[{\"added\": {}}]"
    }
},
{
    "model": "admin.logentry",
    "pk": 186,
    "fields": {
        "action_time": "2021-01-17T11:07:02.169Z",
        "user": [
            "djangoadmin"
        ],
        "content_type": [
            "recipe",
            "ingredient"
        ],
        "object_id": "20",
        "object_repr": "Aubergine",
        "action_flag": 1,
        "change_message": "[{\"added\": {}}]"
    }
},
{
    "model": "admin.logentry",
    "pk": 187,
    "fields": {
        "action_time": "2021-01-17T11:07:13.733Z",
        "user": [
            "djangoadmin"
        ],
        "content_type": [
            "recipe",
            "ingredient"
        ],
        "object_id": "21",
        "object_repr": "Courgette",
        "action_flag": 1,
        "change_message": "[{\"added\": {}}]"
    }
},
{
    "model": "admin.logentry",
    "pk": 188,
    "fields": {
        "action_time": "2021-01-17T11:07:33.807Z",
        "user": [
            "djangoadmin"
        ],
        "content_type": [
            "recipe",
            "ingredient"
        ],
        "object_id": "22",
        "object_repr": "Tomate",
        "action_flag": 1,
        "change_message": "[{\"added\": {}}]"
    }
},
{
    "model": "admin.logentry",
    "pk": 189,
    "fields": {
        "action_time": "2021-01-17T11:07:44.125Z",
        "user": [
            "djangoadmin"
        ],
        "content_type": [
            "recipe",
            "ingredient"
        ],
        "object_id": "23",
        "object_repr": "Feta",
        "action_flag": 1,
        "change_message": "[{\"added\": {}}]"
    }
},
{
    "model": "admin.logentry",
    "pk": 190,
    "fields": {
        "action_time": "2021-01-17T11:07:57.087Z",
        "user": [
            "djangoadmin"
        ],
        "content_type": [
            "recipe",
            "ingredient"
        ],
        "object_id": "24",
        "object_repr": "Yaourt grec",
        "action_flag": 1,
        "change_message": "[{\"added\": {}}]"
    }
},
{
    "model": "admin.logentry",
    "pk": 191,
    "fields": {
        "action_time": "2021-01-17T11:08:16.502Z",
        "user": [
            "djangoadmin"
        ],
        "content_type": [
            "recipe",
            "ingredient"
        ],
        "object_id": "25",
        "object_repr": "Poivron rouge",
        "action_flag": 1,
        "change_message": "[{\"added\": {}}]"
    }
},
{
    "model": "admin.logentry",
    "pk": 192,
    "fields": {
        "action_time": "2021-01-17T11:12:14.773Z",
        "user": [
            "djangoadmin"
        ],
        "content_type": [
            "recipe",
            "recipe"
        ],
        "object_id": "4",
        "object_repr": "Recipe object (4)",
        "action_flag": 1,
        "change_message": "[{\"added\": {}}]"
    }
},
{
    "model": "admin.logentry",
    "pk": 193,
    "fields": {
        "action_time": "2021-01-17T11:15:59.399Z",
        "user": [
            "djangoadmin"
        ],
        "content_type": [
            "recipe",
            "ingredient"
        ],
        "object_id": "26",
        "object_repr": "Pâte",
        "action_flag": 1,
        "change_message": "[{\"added\": {}}]"
    }
},
{
    "model": "admin.logentry",
    "pk": 194,
    "fields": {
        "action_time": "2021-01-17T11:16:10.434Z",
        "user": [
            "djangoadmin"
        ],
        "content_type": [
            "recipe",
            "ingredient"
        ],
        "object_id": "27",
        "object_repr": "Thon",
        "action_flag": 1,
        "change_message": "[{\"added\": {}}]"
    }
},
{
    "model": "admin.logentry",
    "pk": 195,
    "fields": {
        "action_time": "2021-01-17T11:16:26.768Z",
        "user": [
            "djangoadmin"
        ],
        "content_type": [
            "recipe",
            "ingredient"
        ],
        "object_id": "28",
        "object_repr": "Moutarde",
        "action_flag": 1,
        "change_message": "[{\"added\": {}}]"
    }
},
{
    "model": "admin.logentry",
    "pk": 196,
    "fields": {
        "action_time": "2021-01-17T11:16:40.558Z",
        "user": [
            "djangoadmin"
        ],
        "content_type": [
            "recipe",
            "ingredient"
        ],
        "object_id": "29",
        "object_repr": "Gruyère rapé",
        "action_flag": 1,
        "change_message": "[{\"added\": {}}]"
    }
},
{
    "model": "admin.logentry",
    "pk": 197,
    "fields": {
        "action_time": "2021-01-17T11:20:08.401Z",
        "user": [
            "djangoadmin"
        ],
        "content_type": [
            "recipe",
            "ingredient"
        ],
        "object_id": "30",
        "object_repr": "Farine",
        "action_flag": 1,
        "change_message": "[{\"added\": {}}]"
    }
},
{
    "model": "admin.logentry",
    "pk": 198,
    "fields": {
        "action_time": "2021-01-17T11:20:48.124Z",
        "user": [
            "djangoadmin"
        ],
        "content_type": [
            "recipe",
            "ingredient"
        ],
        "object_id": "31",
        "object_repr": "Lait",
        "action_flag": 1,
        "change_message": "[{\"added\": {}}]"
    }
},
{
    "model": "admin.logentry",
    "pk": 199,
    "fields": {
        "action_time": "2021-01-17T11:20:53.194Z",
        "user": [
            "djangoadmin"
        ],
        "content_type": [
            "recipe",
            "recipe"
        ],
        "object_id": "5",
        "object_repr": "Recipe object (5)",
        "action_flag": 1,
        "change_message": "[{\"added\": {}}]"
    }
},
{
    "model": "admin.logentry",
    "pk": 200,
    "fields": {
        "action_time": "2021-01-17T11:25:31.202Z",
        "user": [
            "djangoadmin"
        ],
        "content_type": [
            "recipe",
            "ingredient"
        ],
        "object_id": "32",
        "object_repr": "Muscade",
        "action_flag": 1,
        "change_message": "[{\"added\": {}}]"
    }
},
{
    "model": "admin.logentry",
    "pk": 201,
    "fields": {
        "action_time": "2021-01-17T11:26:48.367Z",
        "user": [
            "djangoadmin"
        ],
        "content_type": [
            "recipe",
            "ingredient"
        ],
        "object_id": "33",
        "object_repr": "Pomme de terre",
        "action_flag": 1,
        "change_message": "[{\"added\": {}}]"
    }
},
{
    "model": "admin.logentry",
    "pk": 202,
    "fields": {
        "action_time": "2021-01-17T11:27:27.753Z",
        "user": [
            "djangoadmin"
        ],
        "content_type": [
            "recipe",
            "recipe"
        ],
        "object_id": "6",
        "object_repr": "Recipe object (6)",
        "action_flag": 1,
        "change_message": "[{\"added\": {}}]"
    }
},
{
    "model": "admin.logentry",
    "pk": 203,
    "fields": {
        "action_time": "2021-01-17T11:28:30.457Z",
        "user": [
            "djangoadmin"
        ],
        "content_type": [
            "recipe",
            "recipe"
        ],
        "object_id": "6",
        "object_repr": "Recipe object (6)",
        "action_flag": 2,
        "change_message": "[{\"changed\": {\"fields\": [\"Kcal\"]}}]"
    }
},
{
    "model": "admin.logentry",
    "pk": 204,
    "fields": {
        "action_time": "2021-01-17T11:32:45.189Z",
        "user": [
            "djangoadmin"
        ],
        "content_type": [
            "recipe",
            "ingredient"
        ],
        "object_id": "34",
        "object_repr": "Harissa",
        "action_flag": 1,
        "change_message": "[{\"added\": {}}]"
    }
},
{
    "model": "admin.logentry",
    "pk": 205,
    "fields": {
        "action_time": "2021-01-17T11:33:15.554Z",
        "user": [
            "djangoadmin"
        ],
        "content_type": [
            "recipe",
            "ingredient"
        ],
        "object_id": "35",
        "object_repr": "Sauce tomate",
        "action_flag": 1,
        "change_message": "[{\"added\": {}}]"
    }
},
{
    "model": "admin.logentry",
    "pk": 206,
    "fields": {
        "action_time": "2021-01-17T11:33:26.049Z",
        "user": [
            "djangoadmin"
        ],
        "content_type": [
            "recipe",
            "ingredient"
        ],
        "object_id": "36",
        "object_repr": "Pois chiches",
        "action_flag": 1,
        "change_message": "[{\"added\": {}}]"
    }
},
{
    "model": "admin.logentry",
    "pk": 207,
    "fields": {
        "action_time": "2021-01-17T11:33:34.139Z",
        "user": [
            "djangoadmin"
        ],
        "content_type": [
            "recipe",
            "ingredient"
        ],
        "object_id": "37",
        "object_repr": "Navet",
        "action_flag": 1,
        "change_message": "[{\"added\": {}}]"
    }
},
{
    "model": "admin.logentry",
    "pk": 208,
    "fields": {
        "action_time": "2021-01-17T11:33:46.355Z",
        "user": [
            "djangoadmin"
        ],
        "content_type": [
            "recipe",
            "ingredient"
        ],
        "object_id": "38",
        "object_repr": "Carotte",
        "action_flag": 1,
        "change_message": "[{\"added\": {}}]"
    }
},
{
    "model": "admin.logentry",
    "pk": 209,
    "fields": {
        "action_time": "2021-01-17T11:33:54.245Z",
        "user": [
            "djangoadmin"
        ],
        "content_type": [
            "recipe",
            "ingredient"
        ],
        "object_id": "39",
        "object_repr": "Semoule",
        "action_flag": 1,
        "change_message": "[{\"added\": {}}]"
    }
},
{
    "model": "admin.logentry",
    "pk": 210,
    "fields": {
        "action_time": "2021-01-17T11:37:01.031Z",
        "user": [
            "djangoadmin"
        ],
        "content_type": [
            "recipe",
            "recipe"
        ],
        "object_id": "7",
        "object_repr": "Recipe object (7)",
        "action_flag": 1,
        "change_message": "[{\"added\": {}}]"
    }
},
{
    "model": "admin.logentry",
    "pk": 211,
    "fields": {
        "action_time": "2021-01-17T11:49:33.353Z",
        "user": [
            "djangoadmin"
        ],
        "content_type": [
            "recipe",
            "ingredient"
        ],
        "object_id": "40",
        "object_repr": "Oeuf",
        "action_flag": 1,
        "change_message": "[{\"added\": {}}]"
    }
},
{
    "model": "admin.logentry",
    "pk": 212,
    "fields": {
        "action_time": "2021-01-17T11:51:12.344Z",
        "user": [
            "djangoadmin"
        ],
        "content_type": [
            "recipe",
            "ingredient"
        ],
        "object_id": "41",
        "object_repr": "Café",
        "action_flag": 1,
        "change_message": "[{\"added\": {}}]"
    }
},
{
    "model": "admin.logentry",
    "pk": 213,
    "fields": {
        "action_time": "2021-01-17T11:51:22.112Z",
        "user": [
            "djangoadmin"
        ],
        "content_type": [
            "recipe",
            "ingredient"
        ],
        "object_id": "42",
        "object_repr": "Biscuits à la cuillère",
        "action_flag": 1,
        "change_message": "[{\"added\": {}}]"
    }
},
{
    "model": "admin.logentry",
    "pk": 214,
    "fields": {
        "action_time": "2021-01-17T11:51:32.858Z",
        "user": [
            "djangoadmin"
        ],
        "content_type": [
            "recipe",
            "ingredient"
        ],
        "object_id": "43",
        "object_repr": "Mascarpone",
        "action_flag": 1,
        "change_message": "[{\"added\": {}}]"
    }
},
{
    "model": "admin.logentry",
    "pk": 215,
    "fields": {
        "action_time": "2021-01-17T11:51:43.654Z",
        "user": [
            "djangoadmin"
        ],
        "content_type": [
            "recipe",
            "ingredient"
        ],
        "object_id": "44",
        "object_repr": "Sucre vanillé",
        "action_flag": 1,
        "change_message": "[{\"added\": {}}]"
    }
},
{
    "model": "admin.logentry",
    "pk": 216,
    "fields": {
        "action_time": "2021-01-17T11:51:50.665Z",
        "user": [
            "djangoadmin"
        ],
        "content_type": [
            "recipe",
            "ingredient"
        ],
        "object_id": "45",
        "object_repr": "Sucre roux",
        "action_flag": 1,
        "change_message": "[{\"added\": {}}]"
    }
},
{
    "model": "admin.logentry",
    "pk": 217,
    "fields": {
        "action_time": "2021-01-17T11:53:13.934Z",
        "user": [
            "djangoadmin"
        ],
        "content_type": [
            "recipe",
            "recipe"
        ],
        "object_id": "8",
        "object_repr": "Recipe object (8)",
        "action_flag": 1,
        "change_message": "[{\"added\": {}}]"
    }
},
{
    "model": "admin.logentry",
    "pk": 218,
    "fields": {
        "action_time": "2021-01-17T11:58:15.919Z",
        "user": [
            "djangoadmin"
        ],
        "content_type": [
            "recipe",
            "ingredient"
        ],
        "object_id": "46",
        "object_repr": "Sucre",
        "action_flag": 1,
        "change_message": "[{\"added\": {}}]"
    }
},
{
    "model": "admin.logentry",
    "pk": 219,
    "fields": {
        "action_time": "2021-01-17T11:58:30.661Z",
        "user": [
            "djangoadmin"
        ],
        "content_type": [
            "recipe",
            "ingredient"
        ],
        "object_id": "47",
        "object_repr": "Nuoc Mam",
        "action_flag": 1,
        "change_message": "[{\"added\": {}}]"
    }
},
{
    "model": "admin.logentry",
    "pk": 220,
    "fields": {
        "action_time": "2021-01-17T11:58:54.324Z",
        "user": [
            "djangoadmin"
        ],
        "content_type": [
            "recipe",
            "ingredient"
        ],
        "object_id": "48",
        "object_repr": "Cacahuète",
        "action_flag": 1,
        "change_message": "[{\"added\": {}}]"
    }
},
{
    "model": "admin.logentry",
    "pk": 221,
    "fields": {
        "action_time": "2021-01-17T11:59:05.046Z",
        "user": [
            "djangoadmin"
        ],
        "content_type": [
            "recipe",
            "ingredient"
        ],
        "object_id": "49",
        "object_repr": "Piment",
        "action_flag": 1,
        "change_message": "[{\"added\": {}}]"
    }
},
{
    "model": "admin.logentry",
    "pk": 222,
    "fields": {
        "action_time": "2021-01-17T11:59:13.068Z",
        "user": [
            "djangoadmin"
        ],
        "content_type": [
            "recipe",
            "ingredient"
        ],
        "object_id": "50",
        "object_repr": "Cébette",
        "action_flag": 1,
        "change_message": "[{\"added\": {}}]"
    }
},
{
    "model": "admin.logentry",
    "pk": 223,
    "fields": {
        "action_time": "2021-01-17T11:59:22.589Z",
        "user": [
            "djangoadmin"
        ],
        "content_type": [
            "recipe",
            "ingredient"
        ],
        "object_id": "51",
        "object_repr": "Céleri",
        "action_flag": 1,
        "change_message": "[{\"added\": {}}]"
    }
},
{
    "model": "admin.logentry",
    "pk": 224,
    "fields": {
        "action_time": "2021-01-17T11:59:30.131Z",
        "user": [
            "djangoadmin"
        ],
        "content_type": [
            "recipe",
            "ingredient"
        ],
        "object_id": "52",
        "object_repr": "Choux",
        "action_flag": 1,
        "change_message": "[{\"added\": {}}]"
    }
},
{
    "model": "admin.logentry",
    "pk": 225,
    "fields": {
        "action_time": "2021-01-17T12:01:10.200Z",
        "user": [
            "djangoadmin"
        ],
        "content_type": [
            "recipe",
            "recipe"
        ],
        "object_id": "9",
        "object_repr": "Recipe object (9)",
        "action_flag": 1,
        "change_message": "[{\"added\": {}}]"
    }
},
{
    "model": "admin.logentry",
    "pk": 226,
    "fields": {
        "action_time": "2021-01-17T12:09:46.277Z",
        "user": [
            "djangoadmin"
        ],
        "content_type": [
            "recipe",
            "recipe"
        ],
        "object_id": "6",
        "object_repr": "Recipe object (6)",
        "action_flag": 2,
        "change_message": "[{\"changed\": {\"fields\": [\"Recipe photo\"]}}]"
    }
}
]
